-- MySQL dump 10.13  Distrib 5.6.48, for Linux (x86_64)
--
-- Host: 127.0.0.1    Database: model_db
-- ------------------------------------------------------
-- Server version	5.6.48

/*!40101 SET @OLD_CHARACTER_SET_CLIENT=@@CHARACTER_SET_CLIENT */;
/*!40101 SET @OLD_CHARACTER_SET_RESULTS=@@CHARACTER_SET_RESULTS */;
/*!40101 SET @OLD_COLLATION_CONNECTION=@@COLLATION_CONNECTION */;
/*!40101 SET NAMES utf8 */;
/*!40103 SET @OLD_TIME_ZONE=@@TIME_ZONE */;
/*!40103 SET TIME_ZONE='+00:00' */;
/*!40014 SET @OLD_UNIQUE_CHECKS=@@UNIQUE_CHECKS, UNIQUE_CHECKS=0 */;
/*!40014 SET @OLD_FOREIGN_KEY_CHECKS=@@FOREIGN_KEY_CHECKS, FOREIGN_KEY_CHECKS=0 */;
/*!40101 SET @OLD_SQL_MODE=@@SQL_MODE, SQL_MODE='NO_AUTO_VALUE_ON_ZERO' */;
/*!40111 SET @OLD_SQL_NOTES=@@SQL_NOTES, SQL_NOTES=0 */;

--
-- Table structure for table `d_materials`
--

DROP TABLE IF EXISTS `d_materials`;
/*!40101 SET @saved_cs_client     = @@character_set_client */;
/*!40101 SET character_set_client = utf8 */;
CREATE TABLE `d_materials` (
  `id` int(11) NOT NULL AUTO_INCREMENT,
  `name` varchar(255) DEFAULT NULL,
  `type` varchar(45) DEFAULT NULL COMMENT '分类，例如cpu，dimm，hardDisk，ssd等',
  `series` varchar(45) DEFAULT NULL COMMENT '系列，平台',
  `source` varchar(45) DEFAULT NULL COMMENT '来源，官方下载，其他部门或是由具体成员创建等，查询m_source表',
  `modify_source` int(11) DEFAULT NULL COMMENT '改版来源id，自关联主键',
  `details` int(11) DEFAULT NULL COMMENT '物料详情',
  `cover` varchar(45) DEFAULT NULL COMMENT '封面',
  `tdp` float DEFAULT NULL,
  `creater` varchar(45) DEFAULT NULL,
  `iswork` tinyint(4) DEFAULT '1',
  `create_date` timestamp NULL DEFAULT CURRENT_TIMESTAMP,
  `modify_time` timestamp NULL DEFAULT CURRENT_TIMESTAMP ON UPDATE CURRENT_TIMESTAMP,
  `platform` varchar(45) DEFAULT NULL,
  `code` varchar(45) DEFAULT NULL,
  `brand` varchar(45) DEFAULT NULL,
  `spec` float DEFAULT NULL,
  `temptype` varchar(45) DEFAULT NULL,
  PRIMARY KEY (`id`)
) ENGINE=InnoDB AUTO_INCREMENT=100182 DEFAULT CHARSET=utf8;
/*!40101 SET character_set_client = @saved_cs_client */;

--
-- Dumping data for table `d_materials`
--

LOCK TABLES `d_materials` WRITE;
/*!40000 ALTER TABLE `d_materials` DISABLE KEYS */;
INSERT INTO `d_materials` VALUES (100036,'Tesla','GPU',NULL,NULL,NULL,NULL,NULL,75,'26',1,'2020-04-29 05:58:10','2020-05-09 05:46:42',NULL,NULL,'NVIDIA',86,'Tjunction'),(100037,'TTV','CPU',NULL,NULL,NULL,NULL,NULL,NULL,'35',1,'2020-04-29 06:21:52','2020-05-09 07:04:21','purley','amma-lake-TTV','Intel',NULL,'Tjunction'),(100039,'Smiling Pond TTV','CPU',NULL,NULL,NULL,NULL,NULL,NULL,'35',1,'2020-04-29 08:08:05','2020-05-09 07:04:21','purley','','Intel',NULL,'Tjunction'),(100040,'Naples','CPU',NULL,NULL,NULL,NULL,NULL,NULL,'35',1,'2020-04-29 08:10:39','2020-05-09 07:04:21','Naples','','AMD',NULL,'Tjunction'),(100041,'Ice Lake TTV','CPU',NULL,NULL,NULL,NULL,NULL,NULL,'35',1,'2020-04-29 08:24:23','2020-05-09 07:04:21','Whitley','IceLake','Intel',NULL,'Tjunction'),(100042,'emma-lake-TTV','CPU',NULL,NULL,NULL,NULL,NULL,NULL,'35',1,'2020-04-29 08:28:34','2020-05-11 09:12:47','purley','--','Intel',NULL,'Tjunction'),(100044,'AEP','DIMM',NULL,NULL,NULL,NULL,NULL,10,'35',1,'2020-04-30 03:10:05','2020-05-09 07:04:21',NULL,NULL,'Intel',NULL,'Tjunction'),(100045,'AEP','DIMM',NULL,NULL,NULL,NULL,NULL,12,'35',1,'2020-04-30 03:12:21','2020-05-09 07:04:21',NULL,NULL,'Intel',NULL,'Tjunction'),(100046,'AEP','DIMM',NULL,NULL,NULL,NULL,NULL,15,'35',1,'2020-04-30 03:13:01','2020-05-09 07:04:21',NULL,NULL,'Intel',NULL,'Tjunction'),(100047,'AEP','DIMM',NULL,NULL,NULL,NULL,NULL,18,'35',1,'2020-04-30 03:14:07','2020-05-09 07:04:21',NULL,NULL,'Intel',NULL,'Tjunction'),(100048,'LRDIMM','DIMM',NULL,NULL,NULL,NULL,NULL,14,'35',1,'2020-04-30 03:20:03','2020-05-09 07:04:21',NULL,NULL,'DDR4',NULL,'Tjunction'),(100049,'LRDIMM-64G-TTV','DIMM',NULL,NULL,NULL,NULL,NULL,12,'35',1,'2020-04-30 03:22:00','2020-05-09 07:04:21',NULL,NULL,'DDR4',NULL,'Tjunction'),(100050,'RDIMM-32G','DIMM',NULL,NULL,NULL,NULL,NULL,10,'35',1,'2020-04-30 03:28:32','2020-05-09 07:04:21',NULL,NULL,'DDR4',NULL,'Tjunction'),(100051,'22110','HDD',NULL,NULL,NULL,NULL,NULL,3,'35',1,'2020-04-30 06:21:55','2020-05-09 07:04:21',NULL,NULL,'M.2',NULL,'Tjunction'),(100052,'P4511(EDSFF Short)','HDD',NULL,NULL,NULL,NULL,NULL,12,'35',1,'2020-04-30 06:26:58','2020-05-09 07:04:21',NULL,NULL,'M.2',NULL,'Tjunction'),(100053,'4T M.3 group','HDD',NULL,NULL,NULL,NULL,NULL,NULL,'35',1,'2020-04-30 06:30:00','2020-05-09 07:04:21',NULL,NULL,'M.2',NULL,'Tjunction'),(100054,'S3510','HDD',NULL,NULL,NULL,NULL,NULL,NULL,'35',1,'2020-04-30 06:32:01','2020-05-09 07:04:21',NULL,NULL,'M.2',NULL,'Tjunction'),(100055,'P4320-16T','HDD',NULL,NULL,NULL,NULL,NULL,18,'35',1,'2020-04-30 07:01:42','2020-05-09 07:04:21',NULL,NULL,'M.2',NULL,'Tjunction'),(100056,'P3600&3700','HDD',NULL,NULL,NULL,NULL,NULL,NULL,'35',1,'2020-04-30 07:21:33','2020-05-09 07:04:21',NULL,NULL,'NVMe SSD',NULL,'Tjunction'),(100057,'P4500','HDD',NULL,NULL,NULL,NULL,NULL,NULL,'35',1,'2020-04-30 07:33:55','2020-05-09 07:04:21',NULL,NULL,'NVMe SSD',NULL,'Tjunction'),(100058,'P4510','HDD',NULL,NULL,NULL,NULL,NULL,NULL,'35',1,'2020-04-30 07:35:17','2020-05-09 07:04:21',NULL,NULL,'NVMe SSD',NULL,'Tjunction'),(100059,'P4600','HDD',NULL,NULL,NULL,NULL,NULL,NULL,'35',1,'2020-04-30 07:36:44','2020-05-09 07:04:21',NULL,NULL,'NVMe SSD',NULL,'Tjunction'),(100060,'P4610','HDD',NULL,NULL,NULL,NULL,NULL,NULL,'35',1,'2020-04-30 07:37:39','2020-05-09 07:04:21',NULL,NULL,'NVMe SSD',NULL,'Tjunction'),(100061,'P4800','HDD',NULL,NULL,NULL,NULL,NULL,NULL,'35',1,'2020-04-30 07:38:45','2020-05-09 07:04:21',NULL,NULL,'NVMe SSD',NULL,'Tjunction'),(100062,'PM983','HDD',NULL,NULL,NULL,NULL,NULL,NULL,'35',1,'2020-04-30 07:39:34','2020-05-09 07:04:21',NULL,NULL,'NVMe SSD',NULL,'Tjunction'),(100063,'S3500','HDD',NULL,NULL,NULL,NULL,NULL,NULL,'35',1,'2020-04-30 07:40:45','2020-05-09 07:04:21','','','NVMe',NULL,'Tjunction'),(100064,'SHANNON U.2','HDD',NULL,NULL,NULL,NULL,NULL,NULL,'35',1,'2020-04-30 07:47:23','2020-05-09 07:04:21',NULL,NULL,'NVMe SSD',NULL,'Tjunction'),(100065,'P3700','HDD',NULL,NULL,NULL,NULL,NULL,NULL,'35',1,'2020-04-30 07:54:36','2020-05-09 07:04:21',NULL,NULL,'PCIe SSD',NULL,'Tjunction'),(100066,'shannon','HDD',NULL,NULL,NULL,NULL,NULL,15,'35',1,'2020-04-30 07:56:28','2020-05-09 07:04:21','','','PCIe',NULL,'Tjunction'),(100067,'SFF','HDD',NULL,NULL,NULL,NULL,NULL,25,'35',1,'2020-04-30 08:00:55','2020-05-11 09:10:20',NULL,NULL,'SATA_SAS',NULL,'Tjunction'),(100068,'LFF','HDD',NULL,NULL,NULL,NULL,NULL,9,'35',1,'2020-04-30 08:03:57','2020-05-11 09:12:47','','','SATA_SAS',NULL,'Tjunction'),(100069,'LFF','HDD',NULL,NULL,NULL,NULL,NULL,18,'35',1,'2020-04-30 08:06:37','2020-05-11 09:10:20',NULL,NULL,'SATA_SAS',NULL,'Tjunction'),(100070,'TB600G4-LFF','HDD',NULL,NULL,NULL,NULL,NULL,NULL,'35',1,'2020-04-30 08:11:48','2020-05-11 09:10:20',NULL,NULL,'SATA_SAS',NULL,'Tjunction'),(100071,'mi8','GPU',NULL,NULL,NULL,NULL,NULL,NULL,'35',1,'2020-04-30 08:21:24','2020-05-09 07:04:21',NULL,NULL,'AMD',NULL,'Tjunction'),(100072,'GP100','GPU',NULL,NULL,NULL,NULL,NULL,NULL,'35',1,'2020-04-30 08:22:34','2020-05-09 07:04:21',NULL,NULL,'Nvidia',NULL,'Tjunction'),(100073,'K1200','GPU',NULL,NULL,NULL,NULL,NULL,NULL,'35',1,'2020-04-30 08:23:20','2020-05-09 07:04:21',NULL,NULL,'Nvidia',NULL,'Tjunction'),(100074,'P100','GPU',NULL,NULL,NULL,NULL,NULL,300,'35',1,'2020-04-30 08:25:06','2020-05-09 07:04:21',NULL,NULL,'Nvidia',NULL,'Tjunction'),(100075,'GRID K2','GPU',NULL,NULL,NULL,NULL,NULL,NULL,'35',1,'2020-04-30 08:25:52','2020-05-09 07:04:21',NULL,NULL,'Nvidia',NULL,'Tjunction'),(100076,'GV100','GPU',NULL,NULL,NULL,NULL,NULL,NULL,'35',1,'2020-04-30 08:26:50','2020-05-09 07:04:21',NULL,NULL,'Nvidia',NULL,'Tjunction'),(100077,'HGX-2','GPU',NULL,NULL,NULL,NULL,NULL,NULL,'35',1,'2020-04-30 08:32:46','2020-05-09 07:04:21',NULL,NULL,'Nvidia',NULL,'Tjunction'),(100078,'Tesla K80','GPU',NULL,NULL,NULL,NULL,NULL,NULL,'35',1,'2020-04-30 08:36:40','2020-05-09 07:04:21',NULL,NULL,'Nvidia',NULL,'Tjunction'),(100079,'M40','GPU',NULL,NULL,NULL,NULL,NULL,250,'35',1,'2020-04-30 08:38:59','2020-05-09 07:04:21',NULL,NULL,'Nvidia',NULL,'Tjunction'),(100080,'P40','GPU',NULL,NULL,NULL,NULL,NULL,250,'35',1,'2020-04-30 08:49:32','2020-05-09 07:04:21',NULL,NULL,'Nvidia',NULL,'Tjunction'),(100081,'P100 SXM2','GPU',NULL,NULL,NULL,NULL,NULL,300,'35',1,'2020-04-30 08:55:15','2020-05-09 07:04:21',NULL,NULL,'Nvidia',NULL,'Tjunction'),(100082,'Tesla K10','GPU',NULL,NULL,NULL,NULL,NULL,NULL,'35',1,'2020-05-06 02:31:40','2020-05-09 07:04:21',NULL,NULL,'Nvidia',NULL,'Tjunction'),(100083,'Tesla K20','GPU',NULL,NULL,NULL,NULL,NULL,NULL,'35',1,'2020-05-06 02:32:32','2020-05-09 07:04:21',NULL,NULL,'Nvidia',NULL,'Tjunction'),(100084,'Tesla K40','GPU',NULL,NULL,NULL,NULL,NULL,NULL,'35',1,'2020-05-06 02:33:19','2020-05-09 07:04:21',NULL,NULL,'Nvidia',NULL,'Tjunction'),(100085,'Tesla M40','GPU',NULL,NULL,NULL,NULL,NULL,NULL,'35',1,'2020-05-06 02:34:06','2020-05-09 07:04:21',NULL,NULL,'Nvidia',NULL,'Tjunction'),(100086,'Tesla P4','GPU',NULL,NULL,NULL,NULL,NULL,75,'35',1,'2020-05-06 02:36:34','2020-05-09 07:04:21',NULL,NULL,'Nvidia',NULL,'Tjunction'),(100087,'Tesla P4-next','GPU',NULL,NULL,NULL,NULL,NULL,NULL,'35',1,'2020-05-06 02:39:03','2020-05-09 07:04:21',NULL,NULL,'Nvidia',NULL,'Tjunction'),(100088,'Tesla P40','GPU',NULL,NULL,NULL,NULL,NULL,250,'35',1,'2020-05-06 02:43:41','2020-05-09 07:04:21',NULL,NULL,'Nvidia',NULL,'Tjunction'),(100089,'Tesla T4','GPU',NULL,NULL,NULL,NULL,NULL,NULL,'35',1,'2020-05-06 02:46:03','2020-05-09 07:04:21',NULL,NULL,'Nvidia',NULL,'Tjunction'),(100090,'Tesla V100 FHHL','GPU',NULL,NULL,NULL,NULL,NULL,150,'35',1,'2020-05-06 02:58:49','2020-05-09 07:04:21',NULL,NULL,'Nvidia',NULL,'Tjunction'),(100091,'Tesla V100 SXM2','GPU',NULL,NULL,NULL,NULL,NULL,NULL,'35',1,'2020-05-06 02:59:49','2020-05-09 07:04:21',NULL,NULL,'Nvidia',NULL,'Tjunction'),(100092,'MLU100-C4','GPU',NULL,NULL,NULL,NULL,NULL,120,'35',1,'2020-05-06 03:03:58','2020-05-09 07:04:21',NULL,NULL,'寒武纪',NULL,'Tjunction'),(100093,'MLU100-D4','GPU',NULL,NULL,NULL,NULL,NULL,75,'26',1,'2020-05-06 03:04:49','2020-05-09 07:04:21',NULL,NULL,'寒武纪',85,'Tjunction'),(100094,'2.5inch FPGA','FPGA',NULL,NULL,NULL,NULL,NULL,42.3,'35',1,'2020-05-06 09:38:21','2020-05-09 07:04:21',NULL,NULL,'Intel',NULL,'Tjunction'),(100095,'FPGA_75','FPGA',NULL,NULL,NULL,NULL,NULL,75,'35',1,'2020-05-06 09:43:07','2020-05-09 07:04:21',NULL,NULL,'Intel',NULL,'Tjunction'),(100096,'PCIe 150W','FPGA',NULL,NULL,NULL,NULL,NULL,150,'35',1,'2020-05-06 09:43:44','2020-05-09 07:04:21',NULL,NULL,'Intel',NULL,'Tjunction'),(100097,'VU7P','FPGA',NULL,NULL,NULL,NULL,NULL,77,'35',1,'2020-05-06 09:47:09','2020-05-09 07:04:21',NULL,NULL,'Intel',NULL,'Tjunction'),(100098,'25G MOC card','MOC',NULL,NULL,NULL,NULL,NULL,67,'35',1,'2020-05-06 09:53:49','2020-05-09 07:04:21',NULL,NULL,'celestica',NULL,'Tjunction'),(100099,'MOC2.0','MOC',NULL,NULL,NULL,NULL,NULL,115,'35',1,'2020-05-06 09:55:38','2020-05-11 09:12:47',NULL,NULL,'celestica',NULL,'Tjunction'),(100100,'14038 7200rpm','FAN',NULL,NULL,NULL,NULL,NULL,NULL,'25',0,'2020-05-07 02:49:23','2020-05-09 07:04:21',NULL,NULL,'Sunon',NULL,'Tjunction'),(100101,'14038 7200rpm','FAN',NULL,NULL,NULL,NULL,NULL,NULL,'25',0,'2020-05-07 02:52:18','2020-05-09 07:04:21',NULL,NULL,'Sunon',NULL,'Tjunction'),(100102,'14038 7200rpm','FAN',NULL,NULL,NULL,NULL,NULL,NULL,'25',0,'2020-05-07 03:23:56','2020-05-09 07:04:21',NULL,NULL,'Sunon',NULL,'Tjunction'),(100103,'14038 7200rpm','FAN',NULL,NULL,NULL,NULL,NULL,NULL,'25',0,'2020-05-07 03:27:27','2020-05-09 07:04:21',NULL,NULL,'Sunon',NULL,'Tjunction'),(100104,'Lewisburg','PCH',NULL,NULL,NULL,NULL,NULL,26,'35',1,'2020-05-07 06:50:23','2020-05-09 07:04:21',NULL,NULL,'Intel',NULL,'Tjunction'),(100105,'LEWISBURG lbg-1g(7w)','PCH',NULL,NULL,NULL,NULL,NULL,1.5,'35',1,'2020-05-07 06:55:51','2020-05-09 07:04:21',NULL,NULL,'Intel',NULL,'Tjunction'),(100106,'Lewisburg-PCH 雷神2.0','PCH',NULL,NULL,NULL,NULL,NULL,26.5,'35',1,'2020-05-07 06:56:24','2020-05-09 07:04:21',NULL,NULL,'Intel',NULL,'Tjunction'),(100107,'HPE 800W','PSU',NULL,NULL,NULL,NULL,NULL,800,'35',1,'2020-05-07 06:57:38','2020-05-09 07:04:21',NULL,NULL,'HP',NULL,'Tjunction'),(100108,'800W','PSU',NULL,NULL,NULL,NULL,NULL,800,'35',1,'2020-05-07 06:58:38','2020-05-09 07:04:21',NULL,NULL,'Liteon',NULL,'Tjunction'),(100109,'1300','PSU',NULL,NULL,NULL,NULL,NULL,1300,'35',1,'2020-05-07 06:59:13','2020-05-09 07:04:21',NULL,NULL,'Liteon',NULL,'Tjunction'),(100110,'1600W','PSU',NULL,NULL,NULL,NULL,NULL,1600,'35',1,'2020-05-07 07:00:19','2020-05-09 07:04:21',NULL,NULL,'Liteon',NULL,'Tjunction'),(100111,'2000W','PSU',NULL,NULL,NULL,NULL,NULL,2000,'35',1,'2020-05-07 07:04:35','2020-05-09 07:04:21',NULL,NULL,'Liteon',NULL,'Tjunction'),(100112,'3000W','PSU',NULL,NULL,NULL,NULL,NULL,NULL,'35',1,'2020-05-07 07:06:55','2020-05-09 07:04:21',NULL,NULL,'Liteon',NULL,'Tjunction'),(100113,'1U2P 128M.3','Project',NULL,NULL,NULL,NULL,NULL,NULL,'35',1,'2020-05-07 07:31:31','2020-05-09 07:04:21',NULL,NULL,'alibaba',NULL,'Tjunction'),(100114,'1U2P T型热管散热器','Project',NULL,NULL,NULL,NULL,NULL,NULL,'35',1,'2020-05-07 07:32:10','2020-05-09 07:04:21',NULL,NULL,'alibaba',NULL,'Tjunction'),(100115,'1U2P 标准热管散热器','Project',NULL,NULL,NULL,NULL,NULL,NULL,'35',1,'2020-05-07 07:32:40','2020-05-09 07:04:21',NULL,NULL,'alibaba',NULL,'Tjunction'),(100116,'2U4P whitley','Project',NULL,NULL,NULL,NULL,NULL,NULL,'35',1,'2020-05-07 07:33:09','2020-05-09 07:04:21',NULL,NULL,'alibaba',NULL,'Tjunction'),(100117,'120HDD 6056fan','Project',NULL,NULL,NULL,NULL,NULL,NULL,'35',1,'2020-05-07 07:34:02','2020-05-09 07:04:21',NULL,NULL,'alibaba',NULL,'Tjunction'),(100118,'120HDD 8080fan','Project',NULL,NULL,NULL,NULL,NULL,NULL,'35',1,'2020-05-07 07:35:21','2020-05-09 07:04:21',NULL,NULL,'alibaba',NULL,'Tjunction'),(100119,'120HDD 14038fan','Project',NULL,NULL,NULL,NULL,NULL,NULL,'35',1,'2020-05-07 07:35:52','2020-05-09 07:04:21',NULL,NULL,'alibaba',NULL,'Tjunction'),(100120,'144HDD','Project',NULL,NULL,NULL,NULL,NULL,NULL,'35',1,'2020-05-07 07:36:20','2020-05-09 07:04:21',NULL,NULL,'alibaba',NULL,'Tjunction'),(100121,'B888','Project',NULL,NULL,NULL,NULL,NULL,NULL,'35',1,'2020-05-07 07:36:57','2020-05-09 07:04:21',NULL,NULL,'alibaba',NULL,'Tjunction'),(100122,'JBOD for ALI','Project',NULL,NULL,NULL,NULL,NULL,NULL,'35',1,'2020-05-07 07:37:35','2020-05-09 07:04:21',NULL,NULL,'alibaba',NULL,'Tjunction'),(100123,'JBOF ALI','Project',NULL,NULL,NULL,NULL,NULL,NULL,'35',1,'2020-05-07 07:38:15','2020-05-09 07:04:21',NULL,NULL,'alibaba',NULL,'Tjunction'),(100124,'K800G3 MOC','Project',NULL,NULL,NULL,NULL,NULL,NULL,'35',1,'2020-05-07 07:38:46','2020-05-09 07:04:21',NULL,NULL,'alibaba',NULL,'Tjunction'),(100125,'K800G3-N41-6T HDD','Project',NULL,NULL,NULL,NULL,NULL,NULL,'35',1,'2020-05-07 07:39:15','2020-05-09 07:04:21',NULL,NULL,'alibaba',NULL,'Tjunction'),(100126,'K888G4','Project',NULL,NULL,NULL,NULL,NULL,NULL,'35',1,'2020-05-07 07:39:49','2020-05-11 09:12:47','','','alibaba',NULL,'Tjunction'),(100127,'OTII 2U edge station','Project',NULL,NULL,NULL,NULL,NULL,NULL,'35',1,'2020-05-07 07:40:20','2020-05-09 07:04:21',NULL,NULL,'alibaba',NULL,'Tjunction'),(100128,'shieldon','Project',NULL,NULL,NULL,NULL,NULL,NULL,'35',1,'2020-05-07 07:41:05','2020-05-09 07:04:21',NULL,NULL,'alibaba',NULL,'Tjunction'),(100129,'TB600G4 1U','Project',NULL,NULL,NULL,NULL,NULL,NULL,'35',1,'2020-05-07 07:41:49','2020-05-09 07:04:21',NULL,NULL,'alibaba',NULL,'Tjunction'),(100130,'TB800G4 64 M.3','Project',NULL,NULL,NULL,NULL,NULL,NULL,'35',1,'2020-05-07 07:42:33','2020-05-09 07:04:21',NULL,NULL,'alibaba',NULL,'Tjunction'),(100131,'TB800G4 GPU config','Project',NULL,NULL,NULL,NULL,NULL,NULL,'35',1,'2020-05-07 07:43:07','2020-05-09 07:04:21',NULL,NULL,'alibaba',NULL,'Tjunction'),(100132,'TB800G4 liquid cooling','Project',NULL,NULL,NULL,NULL,NULL,NULL,'35',0,'2020-05-07 07:43:42','2020-05-09 07:04:21',NULL,NULL,'alibaba',NULL,'Tjunction'),(100133,'TB800G4_12HDD','Project',NULL,NULL,NULL,NULL,NULL,NULL,'35',1,'2020-05-07 07:44:27','2020-05-09 07:04:21',NULL,NULL,'alibaba',NULL,'Tjunction'),(100134,'TB800G4_18NVME','Project',NULL,NULL,NULL,NULL,NULL,NULL,'35',1,'2020-05-07 07:45:05','2020-05-09 07:04:21',NULL,NULL,'alibaba',NULL,'Tjunction'),(100135,'TB800G4_100W FPGA','Project',NULL,NULL,NULL,NULL,NULL,NULL,'35',1,'2020-05-07 07:45:37','2020-05-09 07:04:21',NULL,NULL,'alibaba',NULL,'Tjunction'),(100136,'8U HGX-2','Project',NULL,NULL,NULL,NULL,NULL,NULL,'35',1,'2020-05-07 07:46:16','2020-05-09 07:04:21',NULL,NULL,'baidu',NULL,'Tjunction'),(100137,'AS20G2 air cooling','Project',NULL,NULL,NULL,NULL,NULL,NULL,'35',1,'2020-05-07 07:47:00','2020-05-09 07:04:21',NULL,NULL,'baidu',NULL,'Tjunction'),(100138,'AS60G1 for Baidu 1214','Project',NULL,NULL,NULL,NULL,NULL,NULL,'35',1,'2020-05-07 07:47:37','2020-05-09 07:04:21',NULL,NULL,'baidu',NULL,'Tjunction'),(100139,'baidu 32M.3','Project',NULL,NULL,NULL,NULL,NULL,NULL,'35',1,'2020-05-07 07:48:19','2020-05-09 07:04:21',NULL,NULL,'baidu',NULL,'Tjunction'),(100140,'balder1.0 1U2N','Project',NULL,NULL,NULL,NULL,NULL,NULL,'35',1,'2020-05-07 07:48:58','2020-05-09 07:04:21',NULL,NULL,'baidu',NULL,'Tjunction'),(100141,'balder1.0 16NVME','Project',NULL,NULL,NULL,NULL,NULL,NULL,'35',1,'2020-05-07 07:49:24','2020-05-09 07:04:21',NULL,NULL,'baidu',NULL,'Tjunction'),(100142,'balder1.0 25G cavium nic','Project',NULL,NULL,NULL,NULL,NULL,NULL,'35',1,'2020-05-07 07:49:53','2020-05-09 07:04:21',NULL,NULL,'baidu',NULL,'Tjunction'),(100143,'balder2.0 YD2 thermosyphon','Project',NULL,NULL,NULL,NULL,NULL,NULL,'35',0,'2020-05-07 07:50:22','2020-05-09 07:04:21',NULL,NULL,'baidu',NULL,'Tjunction'),(100144,'beiji3.0 1U','Project',NULL,NULL,NULL,NULL,NULL,NULL,'35',1,'2020-05-07 07:50:52','2020-05-09 07:04:21',NULL,NULL,'baidu',NULL,'Tjunction'),(100145,'beiji3.0 2U','Project',NULL,NULL,NULL,NULL,NULL,NULL,'35',1,'2020-05-07 07:51:33','2020-05-09 07:04:21',NULL,NULL,'baidu',NULL,'Tjunction'),(100146,'kunlun-s','Project',NULL,NULL,NULL,NULL,NULL,NULL,'35',1,'2020-05-07 07:52:09','2020-05-09 07:04:21',NULL,NULL,'baidu',NULL,'Tjunction'),(100147,'Tesla-X 1U1N','Project',NULL,NULL,NULL,NULL,NULL,NULL,'35',1,'2020-05-07 07:52:44','2020-05-09 07:04:21',NULL,NULL,'baidu',NULL,'Tjunction'),(100148,'Tesla-X 2U1N 24NVME','Project',NULL,NULL,NULL,NULL,NULL,NULL,'35',1,'2020-05-07 07:53:12','2020-05-09 07:04:21',NULL,NULL,'baidu',NULL,'Tjunction'),(100149,'Austin','Project',NULL,NULL,NULL,NULL,NULL,NULL,'35',1,'2020-05-07 07:53:43','2020-05-09 07:04:21',NULL,NULL,'baidu',NULL,'Tjunction'),(100150,'1U+B888G4 for JD','Project',NULL,NULL,NULL,NULL,NULL,NULL,'35',1,'2020-05-07 08:16:27','2020-05-09 07:04:21',NULL,NULL,'JD',NULL,'Tjunction'),(100151,'Edge_Station','Project',NULL,NULL,NULL,NULL,NULL,NULL,'35',1,'2020-05-07 08:16:57','2020-05-09 07:04:21',NULL,NULL,'JD',NULL,'Tjunction'),(100152,'seaking','Project',NULL,NULL,NULL,NULL,NULL,NULL,'35',1,'2020-05-07 08:17:24','2020-05-09 07:04:21',NULL,NULL,'JD',NULL,'Tjunction'),(100153,'seaking liquid cooling','Project',NULL,NULL,NULL,NULL,NULL,NULL,'35',1,'2020-05-07 08:17:55','2020-05-09 07:04:21',NULL,NULL,'JD',NULL,'Tjunction'),(100154,'meituan','Project',NULL,NULL,NULL,NULL,NULL,NULL,'35',1,'2020-05-07 08:18:47','2020-05-09 07:04:21',NULL,NULL,'meituan',NULL,'Tjunction'),(100155,'arbok','Project',NULL,NULL,NULL,NULL,NULL,NULL,'35',1,'2020-05-07 08:19:31','2020-05-09 07:04:21',NULL,NULL,'tencent',NULL,'Tjunction'),(100156,'glutton','Project',NULL,NULL,NULL,NULL,NULL,NULL,'35',1,'2020-05-07 08:20:28','2020-05-09 07:04:21',NULL,NULL,'tencent',NULL,'Tjunction'),(100157,'HGX-2','Project',NULL,NULL,NULL,NULL,NULL,NULL,'35',1,'2020-05-07 08:20:59','2020-05-09 07:04:21',NULL,NULL,'tencent',NULL,'Tjunction'),(100158,'kingler 1P','Project',NULL,NULL,NULL,NULL,NULL,NULL,'35',1,'2020-05-07 08:21:43','2020-05-09 07:04:21',NULL,NULL,'tencent',NULL,'Tjunction'),(100159,'kingler 2P','Project',NULL,NULL,NULL,NULL,NULL,NULL,'35',1,'2020-05-07 08:22:07','2020-05-09 07:04:21',NULL,NULL,'tencent',NULL,'Tjunction'),(100160,'wigglytuf','Project',NULL,NULL,NULL,NULL,NULL,NULL,'35',1,'2020-05-07 08:22:33','2020-05-09 07:04:21',NULL,NULL,'tencent',NULL,'Tjunction'),(100161,'1U purley skylake T_heatsink','CPU HEAT SINK',NULL,NULL,NULL,NULL,NULL,NULL,'35',1,'2020-05-07 08:25:29','2020-05-09 07:04:21',NULL,NULL,'1U',NULL,'Tjunction'),(100162,'1U shape T ICX CPU HS-Gen10_5','CPU HEAT SINK',NULL,NULL,NULL,NULL,NULL,NULL,'35',1,'2020-05-07 08:26:04','2020-05-09 07:04:21',NULL,NULL,'1U',NULL,'Tjunction'),(100163,'1U standard for grantly','CPU HEAT SINK',NULL,NULL,NULL,NULL,NULL,NULL,'35',1,'2020-05-07 08:26:52','2020-05-09 07:04:21',NULL,NULL,'1U',NULL,'Tjunction'),(100164,'1U standard HS for Balder','CPU HEAT SINK',NULL,NULL,NULL,NULL,NULL,NULL,'35',1,'2020-05-07 08:27:27','2020-05-09 07:04:21',NULL,NULL,'1U',NULL,'Tjunction'),(100165,'1U standard HS for TB600G4','CPU HEAT SINK',NULL,NULL,NULL,NULL,NULL,NULL,'35',1,'2020-05-07 08:28:11','2020-05-09 07:04:21',NULL,NULL,'1U',NULL,'Tjunction'),(100166,'1U T HS for TB600G4','CPU HEAT SINK',NULL,NULL,NULL,NULL,NULL,NULL,'35',1,'2020-05-07 08:29:10','2020-05-09 07:04:21',NULL,NULL,'1U',NULL,'Tjunction'),(100167,'1U liquid cooling model','CPU HEAT SINK',NULL,NULL,NULL,NULL,NULL,NULL,'35',1,'2020-05-07 08:29:55','2020-05-09 07:04:21',NULL,NULL,'1U',NULL,'Tjunction'),(100168,'2U K800G3  H_S','CPU HEAT SINK',NULL,NULL,NULL,NULL,NULL,NULL,'35',1,'2020-05-07 08:30:26','2020-05-09 07:04:21',NULL,NULL,'2U',NULL,'Tjunction'),(100169,'Cold-plate','CPU HEAT SINK',NULL,NULL,NULL,NULL,NULL,NULL,'35',1,'2020-05-07 08:32:14','2020-05-09 07:04:21',NULL,NULL,'Cold-plate',NULL,'Tjunction'),(100170,'T','CPU HEAT SINK',NULL,NULL,NULL,NULL,NULL,NULL,'35',1,'2020-05-07 08:32:53','2020-05-11 09:12:47','','','1U',NULL,'Tjunction'),(100171,'1U thermalsyphon HS for Balder2.0','CPU HEAT SINK',NULL,NULL,NULL,NULL,NULL,NULL,'35',1,'2020-05-07 08:33:32','2020-05-09 07:04:21',NULL,NULL,'1U',NULL,'Tjunction'),(100172,'2U whitley skylake thermosyphon heat sink','CPU HEAT SINK',NULL,NULL,NULL,NULL,NULL,NULL,'35',1,'2020-05-07 08:34:17','2020-05-09 07:04:21',NULL,NULL,'2U',NULL,'Tjunction'),(100173,'2208 card','Ethernet Card',NULL,NULL,NULL,NULL,NULL,NULL,'35',1,'2020-05-08 03:14:41','2020-05-09 07:04:21',NULL,NULL,'HBA-mezz',NULL,'Tjunction'),(100174,'test','DIMM',NULL,NULL,NULL,NULL,NULL,NULL,'45',0,'2020-05-08 07:01:48','2020-05-09 07:04:21',NULL,NULL,'test',NULL,'Tjunction'),(100175,'Xeon4510','CPU',NULL,NULL,NULL,NULL,NULL,180,'25',0,'2020-05-09 03:08:08','2020-05-09 03:21:35','Purley','SkyLake','intel',NULL,'Tjunction'),(100176,'Xeon4510','CPU',NULL,NULL,NULL,NULL,NULL,180,'25',1,'2020-05-09 03:08:28','2020-05-18 03:36:13','Purley','SkyLake','intel',NULL,'Tjunction'),(100177,'X540/I350 NIC CARD','Ethernet Card',NULL,NULL,NULL,NULL,NULL,NULL,'30',1,'2020-05-15 05:38:44','2020-05-15 05:38:44',NULL,NULL,'Inventec',NULL,'Tjunction'),(100178,'25G','Ethernet Card',NULL,NULL,NULL,NULL,NULL,NULL,'26',1,'2020-05-20 06:45:03','2020-06-24 06:17:26',NULL,NULL,'Cavium',NULL,'Tjunction'),(100179,'CN2350-210S','Ethernet Card',NULL,NULL,NULL,NULL,NULL,25,'26',1,'2020-05-20 06:50:32','2020-05-20 06:50:32',NULL,NULL,'Cavium',95,'Tcase'),(100180,'82599 10G','Ethernet Card',NULL,NULL,NULL,NULL,'cover_100180.png',7.1,'26',1,'2020-05-20 07:02:45','2020-05-22 09:18:54',NULL,NULL,'INTEL',119,'Tcase'),(100181,'test','Ethernet Card',NULL,NULL,NULL,NULL,NULL,NULL,'36',0,'2020-06-04 05:12:09','2020-06-15 03:09:01',NULL,NULL,'test',NULL,'Tjunction');
/*!40000 ALTER TABLE `d_materials` ENABLE KEYS */;
UNLOCK TABLES;

--
-- Table structure for table `d_materials_tag`
--

DROP TABLE IF EXISTS `d_materials_tag`;
/*!40101 SET @saved_cs_client     = @@character_set_client */;
/*!40101 SET character_set_client = utf8 */;
CREATE TABLE `d_materials_tag` (
  `materid` int(11) NOT NULL,
  `tag_k` varchar(45) DEFAULT NULL,
  `tag_v` varchar(45) DEFAULT NULL
) ENGINE=InnoDB DEFAULT CHARSET=utf8;
/*!40101 SET character_set_client = @saved_cs_client */;

--
-- Dumping data for table `d_materials_tag`
--

LOCK TABLES `d_materials_tag` WRITE;
/*!40000 ALTER TABLE `d_materials_tag` DISABLE KEYS */;
INSERT INTO `d_materials_tag` VALUES (100001,'核心数','32'),(100001,'主频','3.3Ghz'),(100001,'睿频','4.0Ghz'),(100001,'TDP','300W'),(100001,'制程','10nm'),(100050,'frequency','2999'),(100050,'frequency','2999'),(100050,'frequency','2999'),(100050,'',''),(100093,'frequency','2999'),(100176,'width','70mm'),(100036,'None','Tesla'),(100036,'None','P4'),(100036,'','0'),(100036,'None','P4'),(100048,'',''),(100048,'','');
/*!40000 ALTER TABLE `d_materials_tag` ENABLE KEYS */;
UNLOCK TABLES;

--
-- Table structure for table `d_model_resource`
--

DROP TABLE IF EXISTS `d_model_resource`;
/*!40101 SET @saved_cs_client     = @@character_set_client */;
/*!40101 SET character_set_client = utf8 */;
CREATE TABLE `d_model_resource` (
  `id` int(11) NOT NULL AUTO_INCREMENT,
  `name` varchar(255) DEFAULT NULL,
  `type` varchar(45) DEFAULT NULL,
  `materialsid` int(11) DEFAULT NULL,
  `source` varchar(255) DEFAULT NULL COMMENT '模型来源',
  `pid` int(11) DEFAULT NULL,
  `path` varchar(255) DEFAULT NULL,
  `cover` varchar(255) DEFAULT NULL,
  `creater` int(11) DEFAULT NULL,
  `remark` varchar(2000) DEFAULT NULL,
  `create_date` timestamp NULL DEFAULT CURRENT_TIMESTAMP,
  `modify_time` timestamp NULL DEFAULT NULL ON UPDATE CURRENT_TIMESTAMP,
  `iswork` int(11) DEFAULT '1',
  PRIMARY KEY (`id`)
) ENGINE=InnoDB AUTO_INCREMENT=213 DEFAULT CHARSET=utf8;
/*!40101 SET character_set_client = @saved_cs_client */;

--
-- Dumping data for table `d_model_resource`
--

LOCK TABLES `d_model_resource` WRITE;
/*!40000 ALTER TABLE `d_model_resource` DISABLE KEYS */;
INSERT INTO `d_model_resource` VALUES (55,'Tesla P4','GPU',100036,'a',0,'rp_55a0',NULL,26,'','2020-04-29 06:01:44','2020-04-29 06:01:44',1),(56,'TTV','CPU',100037,'a',0,'rp_56a0',NULL,35,'','2020-04-29 06:25:14','2020-04-29 06:25:14',1),(57,'Smiling Pond TTV','CPU',100039,'a',0,'rp_57a0',NULL,35,'','2020-04-29 08:09:16','2020-04-29 08:09:16',1),(58,'Naples','CPU',100040,'a',0,'rp_58a0',NULL,35,'','2020-04-29 08:11:13','2020-04-29 08:11:13',1),(59,'Ice Lake TTV','CPU',100041,'a',0,'rp_59a0',NULL,35,'','2020-04-29 08:26:44','2020-04-29 08:26:44',1),(60,'emma-lake-TTV','CPU',100042,'a',0,'rp_60a0',NULL,35,'','2020-04-29 08:28:59','2020-04-29 08:28:59',1),(61,'AEP','DIMM',100044,'a',0,'rp_61a0',NULL,35,'','2020-04-30 03:11:22','2020-04-30 03:11:22',1),(62,'AEP','DIMM',100045,'a',0,'rp_62a0',NULL,35,'','2020-04-30 03:12:43','2020-04-30 03:12:43',1),(63,'AEP','DIMM',100046,'a',0,'rp_63a0',NULL,35,'','2020-04-30 03:13:26','2020-04-30 03:13:26',1),(64,'AEP','DIMM',100047,'a',0,'rp_64a0',NULL,35,'','2020-04-30 03:14:20','2020-04-30 03:14:20',1),(65,'LRDIMM','DIMM',100048,'a',0,'rp_65a0',NULL,35,'','2020-04-30 03:20:48','2020-04-30 03:20:48',1),(66,'LRDIMM-64G-TTV','DIMM',100049,'a',0,'rp_66a0',NULL,35,'','2020-04-30 03:22:18','2020-04-30 03:22:18',1),(67,'RDIMM-32G','DIMM',100050,'a',0,'rp_67a0',NULL,35,'','2020-04-30 03:28:48','2020-04-30 03:28:48',1),(68,'22110','HDD',100051,'a',0,'rp_68a0',NULL,35,'','2020-04-30 06:22:17','2020-04-30 06:22:17',1),(69,'P4511(EDSFF Short)','HDD',100052,'a',0,'rp_69a0',NULL,35,'','2020-04-30 06:27:15','2020-04-30 06:27:15',1),(70,'4T M.3 group','HDD',100053,'a',0,'rp_70a0',NULL,35,'','2020-04-30 06:30:14','2020-04-30 06:30:14',1),(71,'S3510','HDD',100054,'a',0,'rp_71a0',NULL,35,'','2020-04-30 06:59:38','2020-04-30 06:59:38',1),(72,'P4320-16T','HDD',100055,'a',0,'rp_72a0',NULL,35,'','2020-04-30 07:01:58','2020-04-30 07:01:58',1),(73,'P3600&3700','HDD',100056,'a',0,'rp_73a0',NULL,35,'','2020-04-30 07:22:34','2020-04-30 07:22:34',1),(74,'P4500','HDD',100057,'a',0,'rp_74a0',NULL,35,'','2020-04-30 07:34:27','2020-04-30 07:34:27',1),(75,'P4510','HDD',100058,'a',0,'rp_75a0',NULL,35,'无pdml模型,只有spec','2020-04-30 07:36:16','2020-04-30 07:36:16',1),(76,'P4600','HDD',100059,'a',0,'rp_76a0',NULL,35,'无pdml模型,只有spec','2020-04-30 07:37:09','2020-04-30 07:37:09',1),(77,'P4610','HDD',100060,'a',0,'rp_77a0',NULL,35,'','2020-04-30 07:37:50','2020-04-30 07:37:50',1),(78,'P4800','HDD',100061,'a',0,'rp_78a0',NULL,35,'无pdml模型,只有spec','2020-04-30 07:39:04','2020-04-30 07:39:04',1),(79,'PM983','HDD',100062,'a',0,'rp_79a0',NULL,35,'无pdml模型,只有spec','2020-04-30 07:39:51','2020-04-30 07:39:51',1),(80,'S3500','CPU',100063,'a',0,'rp_80a0',NULL,35,'无pdml模型,只有spec','2020-04-30 07:41:18','2020-04-30 07:41:18',1),(81,'SHANNON U.2','HDD',100064,'a',0,'rp_81a0',NULL,35,'','2020-04-30 07:47:55','2020-04-30 07:47:55',1),(82,'P3700','HDD',100065,'a',0,'rp_82a0',NULL,35,'','2020-04-30 07:55:01','2020-04-30 07:55:01',1),(83,'shannon PCIE flash card','CPU',100066,'a',0,'rp_83a0',NULL,35,'','2020-04-30 07:56:47','2020-04-30 07:56:47',1),(84,'SFF','HDD',100067,'a',0,'rp_84a0',NULL,35,'','2020-04-30 08:01:12','2020-04-30 08:01:12',1),(85,'LFF','CPU',100068,'a',0,'rp_85a0',NULL,35,'','2020-04-30 08:04:21','2020-04-30 08:04:21',1),(86,'LFF','HDD',100069,'a',0,'rp_86a0',NULL,35,'','2020-04-30 08:06:50','2020-04-30 08:06:50',1),(87,'TB600G4-LFF','HDD',100070,'a',0,'rp_87a0',NULL,35,'','2020-04-30 08:12:00','2020-04-30 08:12:00',1),(88,'mi8','GPU',100071,'a',0,'rp_88a0',NULL,35,'无pdml模型,只有spec','2020-04-30 08:21:45','2020-04-30 08:21:45',1),(89,'GP100','GPU',100072,'a',0,'rp_89a0',NULL,35,'无pdml模型,只有spec','2020-04-30 08:22:52','2020-04-30 08:22:52',1),(90,'K1200','GPU',100073,'a',0,'rp_90a0',NULL,35,'','2020-04-30 08:23:46','2020-04-30 08:23:46',1),(91,'P100','GPU',100074,'a',0,'rp_91a0',NULL,35,'','2020-04-30 08:25:20','2020-04-30 08:25:20',1),(92,'GRID K2','GPU',100075,'a',0,'rp_92a0',NULL,35,'无pdml模型,只有spec','2020-04-30 08:26:11','2020-04-30 08:26:11',1),(93,'GV100','GPU',100076,'a',0,'rp_93a0',NULL,35,'无pdml模型,只有spec','2020-04-30 08:27:06','2020-04-30 08:27:06',1),(94,'HGX-2','GPU',100077,'a',0,'rp_94a0',NULL,35,'pdml模型中有8个sxm,每个sxm为400w.','2020-04-30 08:35:00','2020-04-30 08:35:00',1),(95,'Tesla K80','GPU',100078,'a',0,'rp_95a0',NULL,35,'无pdml模型,只有3D模型和spec','2020-04-30 08:38:15','2020-04-30 08:38:15',1),(96,'M40','GPU',100079,'a',0,'rp_96a0',NULL,35,'无pdml模型,只有3D模型和spec','2020-04-30 08:39:19','2020-04-30 08:39:19',1),(97,'P40','GPU',100080,'a',0,'rp_97a0',NULL,35,'有pdml，3D模型','2020-04-30 08:51:12','2020-04-30 08:51:12',1),(98,'P100 SXM2','GPU',100081,'a',0,'rp_98a0',NULL,35,'无pdml模型,只有3D模型和spec','2020-04-30 08:55:43','2020-04-30 08:55:43',1),(99,'Tesla K10','GPU',100082,'a',0,'rp_99a0',NULL,35,'无pdml模型,只有spec','2020-05-06 02:32:00','2020-05-06 02:32:00',1),(100,'Tesla K20','GPU',100083,'a',0,'rp_100a0',NULL,35,'无pdml模型,只有spec','2020-05-06 02:32:49','2020-05-06 02:32:49',1),(101,'Tesla K40','GPU',100084,'a',0,'rp_101a0',NULL,35,'无pdml模型,只有spec','2020-05-06 02:33:37','2020-05-06 02:33:37',1),(102,'Tesla M40','GPU',100085,'a',0,'rp_102a0',NULL,35,'无pdml模型,只有spec','2020-05-06 02:34:17','2020-05-06 02:34:17',1),(103,'Tesla P4','GPU',100086,'a',0,'rp_103a0',NULL,35,'有两个pdml模型，HP model 70w,普通的model75w','2020-05-06 02:38:32','2020-05-06 02:38:32',1),(104,'Tesla P4-next','GPU',100087,'a',0,'rp_104a0',NULL,35,'无pdml模型,只有3D模型和spec','2020-05-06 02:39:26','2020-05-06 02:39:26',1),(105,'Tesla P40','GPU',100088,'a',0,'rp_105a0',NULL,35,'','2020-05-06 02:44:10','2020-05-06 02:44:10',1),(106,'Tesla T4','GPU',100089,'a',0,'rp_106a0',NULL,35,'无pdml模型,只有3D模型和spec','2020-05-06 02:46:38','2020-05-06 02:46:38',1),(107,'Tesla V100 FHHL','GPU',100090,'a',0,'rp_107a0',NULL,35,'','2020-05-06 02:59:12','2020-05-06 02:59:12',1),(108,'Tesla V100 SXM2','GPU',100091,'a',0,'rp_108a0',NULL,35,'有pdml，3D模型','2020-05-06 03:00:19','2020-05-06 03:00:19',1),(109,'MLU100-C4','GPU',100092,'a',0,'rp_109a0',NULL,35,'','2020-05-06 03:04:18','2020-05-06 03:04:18',1),(110,'MLU100-D4','GPU',100093,'a',0,'rp_110a0',NULL,35,'','2020-05-06 03:04:59','2020-05-06 03:04:59',1),(111,'2.5inch FPGA','FPGA',100094,'a',0,'rp_111a0',NULL,35,'','2020-05-06 09:38:35','2020-05-06 09:38:35',1),(112,'FPGA_75','FPGA',100095,'a',0,'rp_112a0',NULL,35,'','2020-05-06 09:43:19','2020-05-06 09:43:19',1),(113,'PCIe 150W','FPGA',100096,'a',0,'rp_113a0',NULL,35,'','2020-05-06 09:43:54','2020-05-06 09:43:54',1),(114,'Tesla','GPU',100036,'a',1,'rp_114a1',NULL,26,'','2020-05-06 09:45:18','2020-05-06 09:45:18',1),(115,'VU7P','FPGA',100097,'a',0,'rp_115a0',NULL,35,'','2020-05-06 09:47:19','2020-05-06 09:47:19',1),(116,'25G MOC card','MOC',100098,'a',0,'rp_116a0',NULL,35,'','2020-05-06 09:54:23','2020-05-06 09:54:23',1),(117,'MOC2.0','MOC',100099,'a',0,'rp_117a0',NULL,35,'','2020-05-06 09:55:49','2020-05-06 09:55:49',1),(118,'14038 7200rpm','FAN',100100,'b',0,'rp_118b0',NULL,25,'','2020-05-07 02:51:08','2020-05-07 02:51:08',1),(119,'14038 7200rpm','FAN',100100,'b',1,'rp_119b1',NULL,25,'pdml','2020-05-07 02:51:56','2020-05-07 02:51:56',1),(120,'14038 7200rpm','FAN',100100,'b',2,'rp_120b2',NULL,25,'每10% PQ以及规格书','2020-05-07 03:16:08','2020-05-07 03:16:08',1),(121,'14038 7200rpm','FAN',100100,'a',0,'rp_121a0',NULL,25,'','2020-05-07 03:21:23','2020-05-07 03:21:23',1),(122,'14038 7200rpm','FAN',100102,'b',1111,'rp_122b1111',NULL,25,'pdml','2020-05-07 03:25:22','2020-05-07 03:25:22',1),(123,'14038 7200rpm','FAN',100102,'b',1,'rp_123b1',NULL,25,'每10% PQ以及规格书','2020-05-07 03:25:44','2020-05-07 03:25:44',1),(124,'14038 7200rpm','FAN',100103,'a',0,'rp_124a0',NULL,25,'pdml','2020-05-07 03:27:39','2020-05-07 03:27:39',1),(125,'14038 7200rpm','FAN',100103,'a',1,'rp_125a1',NULL,25,'pdml','2020-05-07 03:28:57','2020-05-07 03:28:57',1),(126,'14038 7200rpm','FAN',100103,'a',0,'rp_126a0',NULL,25,'每10% PQ','2020-05-07 03:30:24','2020-05-07 03:30:24',1),(127,'Lewisburg','PCH',100104,'a',0,'rp_127a0',NULL,35,'','2020-05-07 06:50:46','2020-05-07 06:50:46',1),(128,'LEWISBURG lbg-1g(7w)','PCH',100105,'a',0,'rp_128a0',NULL,35,'','2020-05-07 06:56:00','2020-05-07 06:56:00',1),(129,'Lewisburg-PCH 雷神2.0','PCH',100106,'a',0,'rp_129a0',NULL,35,'','2020-05-07 06:56:33','2020-05-07 06:56:33',1),(130,'HPE 800W','PSU',100107,'a',0,'rp_130a0',NULL,35,'','2020-05-07 06:57:51','2020-05-07 06:57:51',1),(131,'800W','PSU',100108,'a',0,'rp_131a0',NULL,35,'','2020-05-07 06:58:49','2020-05-07 06:58:49',1),(132,'1300','PSU',100109,'a',0,'rp_132a0',NULL,35,'','2020-05-07 06:59:36','2020-05-07 06:59:36',1),(133,'1600W','PSU',100110,'a',0,'rp_133a0',NULL,35,'','2020-05-07 07:04:07','2020-05-07 07:04:07',1),(134,'2000W','PSU',100111,'a',0,'rp_134a0',NULL,35,'','2020-05-07 07:04:50','2020-05-07 07:04:50',1),(135,'3000W','PSU',100112,'a',0,'rp_135a0',NULL,35,'','2020-05-07 07:07:05','2020-05-07 07:07:05',1),(136,'1U2P 128M.3','Project',100113,'a',0,'rp_136a0',NULL,35,'','2020-05-07 07:31:47','2020-05-07 07:31:47',1),(137,'1U2P T型热管散热器','Project',100114,'a',0,'rp_137a0',NULL,35,'','2020-05-07 07:32:21','2020-05-07 07:32:21',1),(138,'1U2P 标准热管散热器','Project',100115,'a',0,'rp_138a0',NULL,35,'','2020-05-07 07:32:50','2020-05-07 07:32:50',1),(139,'2U4P whitley','Project',100116,'a',0,'rp_139a0',NULL,35,'只有仿真报告','2020-05-07 07:33:44','2020-05-07 07:33:44',1),(140,'120HDD 6056fan','Project',100117,'a',0,'rp_140a0',NULL,35,'','2020-05-07 07:34:12','2020-05-07 07:34:12',1),(141,'120HDD 8080fan','Project',100118,'a',0,'rp_141a0',NULL,35,'','2020-05-07 07:35:32','2020-05-07 07:35:32',1),(142,'120HDD 14038fan','Project',100119,'a',0,'rp_142a0',NULL,35,'','2020-05-07 07:36:03','2020-05-07 07:36:03',1),(143,'144HDD','Project',100120,'a',0,'rp_143a0',NULL,35,'','2020-05-07 07:36:36','2020-05-07 07:36:36',1),(144,'B888','Project',100121,'a',0,'rp_144a0',NULL,35,'','2020-05-07 07:37:12','2020-05-07 07:37:12',1),(145,'JBOD for ALI','Project',100122,'a',0,'rp_145a0',NULL,35,'','2020-05-07 07:37:50','2020-05-07 07:37:50',1),(146,'JBOF ALI','Project',100123,'a',0,'rp_146a0',NULL,35,'','2020-05-07 07:38:26','2020-05-07 07:38:26',1),(147,'K800G3 MOC','Project',100124,'a',0,'rp_147a0',NULL,35,'','2020-05-07 07:38:55','2020-05-07 07:38:55',1),(148,'K800G3-N41-6T HDD','Project',100125,'a',0,'rp_148a0',NULL,35,'','2020-05-07 07:39:35','2020-05-07 07:39:35',1),(149,'K888G4','CPU',100126,'a',0,'rp_149a0',NULL,35,'','2020-05-07 07:40:02','2020-05-07 07:40:02',1),(150,'OTII 2U edge station','Project',100127,'a',0,'rp_150a0',NULL,35,'只有仿真报告','2020-05-07 07:40:51','2020-05-07 07:40:51',1),(151,'shieldon','Project',100128,'a',0,'rp_151a0',NULL,35,'','2020-05-07 07:41:24','2020-05-07 07:41:24',1),(152,'TB600G4 1U','Project',100129,'a',0,'rp_152a0',NULL,35,'只有仿真报告','2020-05-07 07:42:15','2020-05-07 07:42:15',1),(153,'TB800G4 64 M.3','Project',100130,'a',0,'rp_153a0',NULL,35,'','2020-05-07 07:42:46','2020-05-07 07:42:46',1),(154,'TB800G4 GPU config','Project',100131,'a',0,'rp_154a0',NULL,35,'','2020-05-07 07:43:25','2020-05-07 07:43:25',1),(155,'TB800G4_12HDD','Project',100133,'a',0,'rp_155a0',NULL,35,'','2020-05-07 07:44:39','2020-05-07 07:44:39',1),(156,'TB800G4_18NVME','Project',100134,'a',0,'rp_156a0',NULL,35,'','2020-05-07 07:45:18','2020-05-07 07:45:18',1),(157,'TB800G4_100W FPGA','Project',100135,'a',0,'rp_157a0',NULL,35,'','2020-05-07 07:45:48','2020-05-07 07:45:48',1),(158,'8U HGX-2','Project',100136,'a',0,'rp_158a0',NULL,35,'只有报告','2020-05-07 07:46:43','2020-05-07 07:46:43',1),(159,'AS20G2 air cooling','Project',100137,'a',0,'rp_159a0',NULL,35,'','2020-05-07 07:47:09','2020-05-07 07:47:09',1),(160,'AS60G1 for Baidu 1214','Project',100138,'a',0,'rp_160a0',NULL,35,'只有仿真报告','2020-05-07 07:48:02','2020-05-07 07:48:02',1),(161,'baidu 32M.3','Project',100139,'a',0,'rp_161a0',NULL,35,'只有仿真报告','2020-05-07 07:48:40','2020-05-07 07:48:40',1),(162,'balder1.0 1U2N','Project',100140,'a',0,'rp_162a0',NULL,35,'','2020-05-07 07:49:08','2020-05-07 07:49:08',1),(163,'balder1.0 16NVME','Project',100141,'a',0,'rp_163a0',NULL,35,'','2020-05-07 07:49:37','2020-05-07 07:49:37',1),(164,'balder1.0 25G cavium nic','Project',100142,'a',0,'rp_164a0',NULL,35,'','2020-05-07 07:50:02','2020-05-07 07:50:02',1),(165,'balder2.0 YD2 thermosyphon','Project',100143,'a',0,'rp_165a0',NULL,35,'','2020-05-07 07:50:32','2020-05-07 07:50:32',1),(166,'beiji3.0 1U','Project',100144,'a',0,'rp_166a0',NULL,35,'只有仿真报告','2020-05-07 07:51:10','2020-05-07 07:51:10',1),(167,'beiji3.0 2U','Project',100145,'a',0,'rp_167a0',NULL,35,'只有仿真报告','2020-05-07 07:51:53','2020-05-07 07:51:53',1),(168,'kunlun-s','Project',100146,'a',0,'rp_168a0',NULL,35,'','2020-05-07 07:52:22','2020-05-07 07:52:22',1),(169,'Tesla-X 1U1N','Project',100147,'a',0,'rp_169a0',NULL,35,'','2020-05-07 07:52:55','2020-05-07 07:52:55',1),(170,'Tesla-X 2U1N 24NVME','Project',100148,'a',0,'rp_170a0',NULL,35,'','2020-05-07 07:53:26','2020-05-07 07:53:26',1),(171,'whitley','Project',100149,'a',0,'rp_171a0',NULL,35,'','2020-05-07 07:54:37','2020-05-07 07:54:37',1),(172,'1U+B888G4 for JD','Project',100150,'a',0,'rp_172a0',NULL,35,'','2020-05-07 08:16:40','2020-05-07 08:16:40',1),(173,'Edge_Station','Project',100151,'a',0,'rp_173a0',NULL,35,'','2020-05-07 08:17:06','2020-05-07 08:17:06',1),(174,'seaking','Project',100152,'a',0,'rp_174a0',NULL,35,'','2020-05-07 08:17:37','2020-05-07 08:17:37',1),(175,'seaking liquid cooling','Project',100153,'a',0,'rp_175a0',NULL,35,'','2020-05-07 08:18:06','2020-05-07 08:18:06',1),(176,'meituan','Project',100154,'a',0,'rp_176a0',NULL,35,'','2020-05-07 08:18:59','2020-05-07 08:18:59',1),(177,'arbok','Project',100155,'a',0,'rp_177a0',NULL,35,'','2020-05-07 08:19:59','2020-05-07 08:19:59',1),(178,'glutton','Project',100156,'a',0,'rp_178a0',NULL,35,'','2020-05-07 08:20:40','2020-05-07 08:20:40',1),(179,'HGX-2','Project',100157,'a',0,'rp_179a0',NULL,35,'只有仿真报告','2020-05-07 08:21:19','2020-05-07 08:21:19',1),(180,'kingler 1P','Project',100158,'a',0,'rp_180a0',NULL,35,'','2020-05-07 08:21:53','2020-05-07 08:21:53',1),(181,'kingler 2P','Project',100159,'a',0,'rp_181a0',NULL,35,'','2020-05-07 08:22:18','2020-05-07 08:22:18',1),(182,'wigglytuf','Project',100160,'a',0,'rp_182a0',NULL,35,'','2020-05-07 08:22:45','2020-05-07 08:22:45',1),(183,'1U purley skylake T_heatsink','CPU HEAT SINK',100161,'a',0,'rp_183a0',NULL,35,'','2020-05-07 08:25:43','2020-05-07 08:25:43',1),(184,'1U shape T ICX CPU HS-Gen10_5','CPU HEAT SINK',100162,'a',0,'rp_184a0',NULL,35,'','2020-05-07 08:26:15','2020-05-07 08:26:15',1),(185,'1U standard for grantly','CPU HEAT SINK',100163,'a',0,'rp_185a0',NULL,35,'','2020-05-07 08:27:03','2020-05-07 08:27:03',1),(186,'1U standard HS for Balder','CPU HEAT SINK',100164,'a',0,'rp_186a0',NULL,35,'只有spec','2020-05-07 08:27:52','2020-05-07 08:27:52',1),(187,'1U standard HS for TB600G4','CPU HEAT SINK',100165,'a',0,'rp_187a0',NULL,35,'只有spec','2020-05-07 08:28:50','2020-05-07 08:28:50',1),(188,'1U T HS for TB600G4','CPU HEAT SINK',100166,'a',0,'rp_188a0',NULL,35,'','2020-05-07 08:29:24','2020-05-07 08:29:24',1),(189,'1U liquid cooling model','CPU HEAT SINK',100167,'a',0,'rp_189a0',NULL,35,'','2020-05-07 08:30:04','2020-05-07 08:30:04',1),(190,'2U K800G3  H_S','CPU HEAT SINK',100168,'a',0,'rp_190a0',NULL,35,'','2020-05-07 08:30:39','2020-05-07 08:30:39',1),(191,'Cold-plate','CPU HEAT SINK',100169,'a',0,'rp_191a0',NULL,35,'','2020-05-07 08:32:22','2020-05-07 08:32:22',1),(192,'1U T thermosyphon HS for TB600G4','CPU',100170,'a',0,'rp_192a0',NULL,35,'','2020-05-07 08:33:13','2020-05-07 08:33:13',1),(193,'1U thermalsyphon HS for Balder2.0','CPU HEAT SINK',100171,'a',0,'rp_193a0',NULL,35,'','2020-05-07 08:33:41','2020-05-07 08:33:41',1),(194,'2U whitley skylake thermosyphon heat sink','CPU HEAT SINK',100172,'a',0,'rp_194a0',NULL,35,'','2020-05-07 08:34:27','2020-05-07 08:34:27',1),(195,'2U whitley skylake thermosyphon heat sink','CPU HEAT SINK',100172,'b',0,'rp_195b0',NULL,26,'','2020-05-07 08:48:27','2020-05-07 08:48:27',1),(196,'Tesla','GPU',100036,'b',0,'rp_196b0',NULL,26,'','2020-05-07 08:49:30','2020-05-07 08:49:30',1),(197,'2208 card','Ethernet Card',100173,'a',0,'rp_197a0',NULL,35,'','2020-05-08 03:15:52','2020-05-08 03:15:52',1),(198,'Xeon4510','CPU',100176,'a',0,'rp_198a0',NULL,25,'','2020-05-09 03:08:41','2020-05-09 03:08:41',1),(199,'Xeon4510','CPU',100176,'a',1,'rp_199a1',NULL,25,'','2020-05-09 03:09:29','2020-05-09 03:09:29',1),(200,'Xeon4510','CPU',100176,'b',0,'rp_200b0',NULL,25,'','2020-05-09 03:14:35','2020-05-09 03:14:35',1),(201,'X540/I350 NIC CARD','Ethernet Card',100177,'a',0,'rp_201a0',NULL,30,'没有PDML模型','2020-05-15 05:39:27','2020-05-15 05:39:27',1),(202,'25G','Ethernet Card',100178,'a',0,'rp_202a0',NULL,26,'','2020-05-20 06:45:32','2020-05-20 06:45:32',1),(203,'CN2350-210S','Ethernet Card',100179,'a',0,'rp_203a0',NULL,26,'','2020-05-20 06:50:53','2020-05-20 06:50:53',1),(204,'82599 10G','Ethernet Card',100180,'a',0,'rp_204a0',NULL,26,'','2020-05-20 07:03:00','2020-05-20 07:03:00',1),(205,'test',NULL,100181,'a',0,NULL,NULL,36,NULL,'2020-06-04 05:12:11',NULL,1),(209,'test',NULL,100181,'a',1,NULL,NULL,36,NULL,'2020-06-04 06:54:51','2020-06-04 06:55:06',1),(210,'test',NULL,100181,'a',2,NULL,NULL,36,NULL,'2020-06-04 06:55:12',NULL,0),(212,'82599 10G',NULL,100180,'d',0,NULL,NULL,36,NULL,'2020-06-29 08:10:51',NULL,1);
/*!40000 ALTER TABLE `d_model_resource` ENABLE KEYS */;
UNLOCK TABLES;

--
-- Table structure for table `d_project`
--

DROP TABLE IF EXISTS `d_project`;
/*!40101 SET @saved_cs_client     = @@character_set_client */;
/*!40101 SET character_set_client = utf8 */;
CREATE TABLE `d_project` (
  `id` int(11) NOT NULL,
  `clientele` varchar(45) DEFAULT NULL,
  `bu` varchar(45) DEFAULT NULL,
  `project` varchar(45) DEFAULT NULL,
  PRIMARY KEY (`id`)
) ENGINE=InnoDB DEFAULT CHARSET=utf8;
/*!40101 SET character_set_client = @saved_cs_client */;

--
-- Dumping data for table `d_project`
--

LOCK TABLES `d_project` WRITE;
/*!40000 ALTER TABLE `d_project` DISABLE KEYS */;
INSERT INTO `d_project` VALUES (1,'','EBU5','BRAGI'),(2,'','EBU5','F1AEPROJECT'),(3,'','EBU5','ODIN'),(4,'','EBU5','VALKYRIE&IDUN'),(5,'','EBU5','DELLING'),(6,'','EBU5','SINDRI'),(7,'','EBU5','RIG'),(8,'','EBU2','HEILONG'),(9,'','EBU2','BAILONG'),(10,'','EBU2','BU2_COM'),(11,'','EBU2','YALONG'),(12,'','EBU2','EIR'),(13,'','NIDC','MAGNOLIA'),(14,'','NIDC','ASPEN_100G'),(15,'','NIDC','HUDSON'),(16,'','EBU1','BU1_COM'),(17,'','EBU1','SE'),(18,'','EBU1','CYNOSURE'),(19,'','EBU1','BIDDING1'),(20,'','EBU1','CREEK'),(21,'','EBU1','TRIDENT'),(22,'','EBU1','WOLFLING'),(23,'','NIDC','SPRUCE'),(24,'','EBU5','HEMERA'),(25,'','EBU5','TYCHE'),(26,'','EBU5','HYPERION'),(27,'','EBU1','GLENCOE'),(28,'','EBU5','SIGYN'),(29,'','EBU1','ASGARD-M'),(30,'','EBU2','ULTRON'),(31,'','NIDC','CYPRESS'),(32,'','EBU1','MATTERHORN'),(33,'','EBU3','FALCONWITCH'),(34,'','EBU1','GLEN-LAKE'),(35,'','EBU1','ODEON'),(36,'','NIDC','CROTON'),(37,'','NIDC','HEDERA'),(38,'','NIDC','GUADALUPERIVER'),(39,'','EBU6','A80'),(40,'','EBU6','B700G2'),(41,'','EBU6','KING_CRAB'),(42,'','EBU6','B900G2'),(43,'','EBU6','B400G3-10G'),(44,'','EBU6','U90-C'),(45,'','EBU6','B800G3'),(46,'','EBU6','B220G2'),(47,'','EBU6','B900G3'),(48,'','EBU6','B720G3'),(49,'','EBU6','U50'),(50,'','EBU6','U90G3'),(51,'','EBU6','K880G3'),(52,'','EBU6','N880G3'),(53,'','EBU6','A30G2'),(54,'','EBU6','A80G3'),(55,'','EBU6','B460JBOD'),(56,'','EBU6','N800G3'),(57,'','EBU6','SALES_CHINA'),(58,'','EBU6','SALES_US'),(59,'','EBU6','B601G3'),(60,'','EBU6','U436'),(61,'','EBU6','L025'),(62,'','EBU6','P3'),(63,'','EBU6','U50V3'),(64,'','EBU6','A80G3_ALI_1U2N'),(65,'','EBU6','A80G3_ALI_1U1N'),(66,'','EBU6','B220G2_BD'),(67,'','EBU6','B220G2_KS'),(68,'','EBU6','DONATELLO'),(69,'','EBU6','MAZO'),(70,'','EBU6','PANGU'),(71,'','EBU6','U90G3-GRANTLEY'),(72,'','EBU6','ZT600G4'),(73,'','EBU6','NJ821G3'),(74,'','EBU6','B950'),(75,'','EBU6','K888G3'),(76,'','EBU6','K900G3_CL'),(77,'','EBU6','PLUGIN'),(78,'','EBU6','K888G4'),(79,'','EBU6','NJ600G4'),(80,'','EBU6','NJ900G3'),(81,'','EBU6','J90G3'),(82,'','EBU6','NJ880G4'),(83,'','EBU6','A70G3'),(84,'','EBU6','TESLA-X'),(85,'','EBU6','J80F'),(86,'','EBU1','CYNOSURE2'),(87,'','EBU1','HARTZ'),(88,'','EBU6','BALDER'),(89,'','EBU3','NETAPPSE'),(90,'','EBU1','PISSIS'),(91,'','EBU6','TB800G4'),(92,'','EBU6','NJ460G4'),(93,'','EBU6','CERBERUS'),(94,'','EBU6','KUNLUN-S'),(95,'','EBU6','AS60G1'),(96,'','EBU6','BTS'),(97,'','EBU6','AS20G2'),(98,'','EBU6','AQ80G4'),(99,'','EBU6','KQ80G4'),(100,'','EBU1','GUIANA'),(101,'','EBU6','POKEMON'),(102,'','EBU1','WAIKATO'),(103,'','EBU6','WIGGLYTUFF'),(104,'','EBU6','BAYMAX'),(105,'','EBU6','GLUTTON'),(106,'','EBU6','K800G3_CL'),(107,'','EBU6','NJ650G4'),(108,'','EBU6','OMSC'),(109,'','EBU6','U30G4'),(110,'','EBU2','SHADOWCAT'),(111,'','EBU3','RAINIER'),(112,'','EBU1','BILU'),(113,'','EBU5','POROS'),(114,'','EBU5','FORSETI'),(115,'','EBU2','CHARLES'),(116,'','EBU5','MODI'),(117,'','EBU6','STARMIE'),(118,'','EBU1','TAISHAN'),(119,'','EBU6','CNBL_COM'),(120,'','EBU6','RATTATA'),(121,'','EBU6','ARBOK'),(122,'','EBU6','KINGLER'),(123,'','EBU6','TB600G4_1U'),(124,'','EBU1','GREENCITY'),(125,'','EBU5','SCORPIO'),(126,'','EBU6','SEAKING'),(127,'','EBU1','JINSHARIVER'),(128,'','EBU6','BALDER2'),(129,'','EBU6','GOLEM'),(130,'','EBU6','ONIX'),(131,'','EBU6','TB800G4-2'),(132,'','EBU6','RHYDON'),(133,'','EBU6','SPEAROW'),(134,'','EBU6','POKEBALL'),(135,'','EBU6','NIDOKING'),(136,'','EBU6','ATLANTIS'),(137,'','EBU1','COOSA'),(138,'','EBU1','TOREAD'),(139,'','EBU6','HITMONCHAN'),(140,'','EBU6','SHIELDON'),(141,'','EBU6','PARAS'),(142,'','EBU1','JAMESON'),(143,'','EBU6','SHARPEDO'),(144,'','EBU6','MACHAMP'),(145,'','EBU1','VTX');
/*!40000 ALTER TABLE `d_project` ENABLE KEYS */;
UNLOCK TABLES;

--
-- Table structure for table `d_res_branch`
--

DROP TABLE IF EXISTS `d_res_branch`;
/*!40101 SET @saved_cs_client     = @@character_set_client */;
/*!40101 SET character_set_client = utf8 */;
CREATE TABLE `d_res_branch` (
  `resid` int(11) NOT NULL,
  `branchsource` varchar(45) DEFAULT NULL,
  PRIMARY KEY (`resid`)
) ENGINE=InnoDB DEFAULT CHARSET=utf8;
/*!40101 SET character_set_client = @saved_cs_client */;

--
-- Dumping data for table `d_res_branch`
--

LOCK TABLES `d_res_branch` WRITE;
/*!40000 ALTER TABLE `d_res_branch` DISABLE KEYS */;
INSERT INTO `d_res_branch` VALUES (1,'1');
/*!40000 ALTER TABLE `d_res_branch` ENABLE KEYS */;
UNLOCK TABLES;

--
-- Table structure for table `d_res_path`
--

DROP TABLE IF EXISTS `d_res_path`;
/*!40101 SET @saved_cs_client     = @@character_set_client */;
/*!40101 SET character_set_client = utf8 */;
CREATE TABLE `d_res_path` (
  `id` int(11) NOT NULL AUTO_INCREMENT,
  `pid` int(11) DEFAULT NULL,
  `res_id` int(11) NOT NULL,
  `path` varchar(128) DEFAULT NULL,
  `filename` varchar(45) DEFAULT NULL,
  `suffix` varchar(45) DEFAULT NULL,
  `remark` varchar(128) DEFAULT NULL,
  `filecode` varchar(128) DEFAULT NULL,
  `fileid` int(11) DEFAULT NULL,
  `iswork` int(11) DEFAULT '1',
  PRIMARY KEY (`id`)
) ENGINE=InnoDB AUTO_INCREMENT=313 DEFAULT CHARSET=latin1;
/*!40101 SET character_set_client = @saved_cs_client */;

--
-- Dumping data for table `d_res_path`
--

LOCK TABLES `d_res_path` WRITE;
/*!40000 ALTER TABLE `d_res_path` DISABLE KEYS */;
INSERT INTO `d_res_path` VALUES (1,0,205,'model_100181a','Screenshot from 2020-05-15 15-53-21.png','.png','test',NULL,0,1),(2,0,205,'model_100181a','Entei_CCI-HS_0527.xlsx','.xlsx',NULL,NULL,1,1),(3,1,209,'model_100181a','Screenshot from 2020-05-15 15-53-21.png','.png','test',NULL,0,1),(4,1,209,'model_100181a','Entei_CCI-HS_0527.xlsx','.xlsx','None',NULL,1,1),(6,2,210,'model_100181a','Screenshot from 2020-05-15 15-53-21.png','.png','test',NULL,0,1),(7,2,210,'model_100181a','Entei_CCI-HS_0527.xlsx','.xlsx','None',NULL,1,1),(51,0,100,'rp_100a0','(Tesla K20m Board Spec) BD-06455-001_v06.pdf','.pdf',NULL,NULL,0,1),(52,0,101,'rp_101a0','K40.PNG','.PNG',NULL,NULL,0,1),(53,0,101,'rp_101a0','k40 smi.PNG','.PNG',NULL,NULL,0,1),(54,0,102,'rp_102a0','K40.PNG','.PNG',NULL,NULL,0,1),(55,0,102,'rp_102a0','k40 smi.PNG','.PNG',NULL,NULL,0,1),(56,0,103,'rp_103a0','_70wTesla_P4 GPU HP model.pdml','.pdml',NULL,NULL,0,1),(57,0,103,'rp_103a0','Tesla-P4 GPU 75W.pdml','.pdml',NULL,NULL,0,1),(58,0,103,'rp_103a0','Tesla P4 spec.pdf','.pdf',NULL,NULL,0,1),(59,0,104,'rp_104a0','145-2g183-1000-a00.pdf','.pdf',NULL,NULL,0,1),(60,0,104,'rp_104a0','245-1g183-1000-a00_sku200_atx.stp','.stp',NULL,NULL,0,1),(61,0,104,'rp_104a0','245-1g183-1000-a00_sku200_lp.stp','.stp',NULL,NULL,0,1),(62,0,104,'rp_104a0','Tesla P4-Next Technical Overview v02.pdf','.pdf',NULL,NULL,0,1),(63,0,105,'rp_105a0','P40 GPU Card.pdml','.pdml',NULL,NULL,0,1),(64,0,105,'rp_105a0','Tesla P40 spec.pdf','.pdf',NULL,NULL,0,1),(65,0,106,'rp_106a0','SP-09091-001_v08.pdf','.pdf',NULL,NULL,0,1),(66,0,106,'rp_106a0','SP-09289-001_v01.pdf','.pdf',NULL,NULL,0,1),(67,0,106,'rp_106a0','SP-09289-001_v02.pdf','.pdf',NULL,NULL,0,1),(68,0,106,'rp_106a0','T4Assembly2DMechanicalDrawing.pdf','.pdf',NULL,NULL,0,1),(69,0,107,'rp_107a0','SP-08799-001_v03.pdf','.pdf',NULL,NULL,0,1),(70,0,107,'rp_107a0','TESLA V100 FHHL.pdml','.pdml',NULL,NULL,0,1),(71,0,107,'rp_107a0','Tesla V100 spec.pdf','.pdf',NULL,NULL,0,1),(72,0,108,'rp_108a0','2017-02-07_GV100_POD_Lidless.pdf','.pdf',NULL,NULL,0,1),(73,0,108,'rp_108a0','2017-07-25_V100_SXM2_Flotherm_Model.pdml','.pdml',NULL,NULL,0,1),(74,0,108,'rp_108a0','2017-08-03_Volta_Thermal_Map.pdf','.pdf',NULL,NULL,0,1),(75,0,108,'rp_108a0','2018-01-05_Thermal_Critical_Comp.pdf','.pdf',NULL,NULL,0,1),(76,0,108,'rp_108a0','GPU V100 SXM2 SPEC.pdf','.pdf',NULL,NULL,0,1),(77,0,108,'rp_108a0','NV_Reference_Heatsink.stp','.stp',NULL,NULL,0,1),(78,0,108,'rp_108a0','SP-08851-001_v01.pdf','.pdf',NULL,NULL,0,1),(79,0,108,'rp_108a0','SXM2_Thermal_Map_02252015.xlsx','.xlsx',NULL,NULL,0,1),(80,0,109,'rp_109a0','MLU100-C4.pdml','.pdml',NULL,NULL,0,1),(81,0,110,'rp_110a0','MLU100-D4.pdml','.pdml',NULL,NULL,0,1),(82,0,111,'rp_111a0','2.5inch FPGA.pdml','.pdml',NULL,NULL,0,1),(83,0,112,'rp_112a0','FPGA_75.pdml','.pdml',NULL,NULL,0,1),(84,0,113,'rp_113a0','PCIe 150W.pdml','.pdml',NULL,NULL,0,1),(85,0,114,'rp_114a1','_70wTesla_P4 GPU HP model.pdml','.pdml',NULL,NULL,0,1),(86,0,114,'rp_114a1','Tesla-P4 GPU 75W.pdml','.pdml',NULL,NULL,0,1),(87,0,114,'rp_114a1','Tesla P4 spec.pdf','.pdf',NULL,NULL,0,1),(88,0,115,'rp_115a0','VU7P_20171218.pdml','.pdml',NULL,NULL,0,1),(89,0,116,'rp_116a0','25G MOC card.pdml','.pdml',NULL,NULL,0,1),(90,0,116,'rp_116a0','R1130-M0002-03 V0.1 MOC User Manual.pdf','.pdf',NULL,NULL,0,1),(91,0,117,'rp_117a0','MOC2.0 181228.pdml','.pdml',NULL,NULL,0,1),(92,0,117,'rp_117a0','R1130-M0002-03 V0.1 MOC User Manual.pdf','.pdf',NULL,NULL,0,1),(93,0,118,'rp_118b0','14038_3D_20170306.stp','.stp',NULL,NULL,0,1),(94,0,118,'rp_118b0','14038 fan duty=100%.csv','.csv',NULL,NULL,0,1),(95,0,118,'rp_118b0','14038 fan duty=10%.csv','.csv',NULL,NULL,0,1),(96,0,118,'rp_118b0','14038 fan duty=20%.csv','.csv',NULL,NULL,0,1),(97,0,118,'rp_118b0','14038 fan duty=30%.csv','.csv',NULL,NULL,0,1),(98,0,118,'rp_118b0','14038 fan duty=40%.csv','.csv',NULL,NULL,0,1),(99,0,118,'rp_118b0','14038 fan duty=50%.csv','.csv',NULL,NULL,0,1),(100,0,118,'rp_118b0','14038 fan duty=60%.csv','.csv',NULL,NULL,0,1),(101,0,118,'rp_118b0','14038 fan duty=70%.csv','.csv',NULL,NULL,0,1),(102,0,118,'rp_118b0','14038 fan duty=80%.csv','.csv',NULL,NULL,0,1),(103,0,118,'rp_118b0','14038 fan duty=90%.csv','.csv',NULL,NULL,0,1),(104,0,118,'rp_118b0','PFE0381BX-Q04C-S99.pdf','.pdf',NULL,NULL,0,1),(105,0,118,'rp_118b0','PFE0381BX-Q071-S99.pdf','.pdf',NULL,NULL,0,1),(106,0,119,'rp_119b1','14038 Fan.pdml','.pdml',NULL,NULL,0,1),(107,0,120,'rp_120b2','14038_3D_20170306.stp','.stp',NULL,NULL,0,1),(108,0,120,'rp_120b2','14038 fan duty=100%.csv','.csv',NULL,NULL,0,1),(109,0,120,'rp_120b2','14038 fan duty=10%.csv','.csv',NULL,NULL,0,1),(110,0,120,'rp_120b2','14038 fan duty=20%.csv','.csv',NULL,NULL,0,1),(111,0,120,'rp_120b2','14038 fan duty=30%.csv','.csv',NULL,NULL,0,1),(112,0,120,'rp_120b2','14038 fan duty=40%.csv','.csv',NULL,NULL,0,1),(113,0,120,'rp_120b2','14038 fan duty=50%.csv','.csv',NULL,NULL,0,1),(114,0,120,'rp_120b2','14038 fan duty=60%.csv','.csv',NULL,NULL,0,1),(115,0,120,'rp_120b2','14038 fan duty=70%.csv','.csv',NULL,NULL,0,1),(116,0,120,'rp_120b2','14038 fan duty=80%.csv','.csv',NULL,NULL,0,1),(117,0,120,'rp_120b2','14038 fan duty=90%.csv','.csv',NULL,NULL,0,1),(118,0,120,'rp_120b2','PFE0381BX-Q04C-S99.pdf','.pdf',NULL,NULL,0,1),(119,0,120,'rp_120b2','PFE0381BX-Q071-S99.pdf','.pdf',NULL,NULL,0,1),(120,0,122,'rp_122b1111','14038 Fan.pdml','.pdml',NULL,NULL,0,1),(121,0,125,'rp_125a1','14038 Fan.pdml','.pdml',NULL,NULL,0,1),(122,0,126,'rp_126a0','14038 fan duty=100%.csv','.csv',NULL,NULL,0,1),(123,0,126,'rp_126a0','14038 fan duty=10%.csv','.csv',NULL,NULL,0,1),(124,0,126,'rp_126a0','14038 fan duty=20%.csv','.csv',NULL,NULL,0,1),(125,0,126,'rp_126a0','14038 fan duty=30%.csv','.csv',NULL,NULL,0,1),(126,0,126,'rp_126a0','14038 fan duty=40%.csv','.csv',NULL,NULL,0,1),(127,0,126,'rp_126a0','14038 fan duty=50%.csv','.csv',NULL,NULL,0,1),(128,0,126,'rp_126a0','14038 fan duty=60%.csv','.csv',NULL,NULL,0,1),(129,0,126,'rp_126a0','14038 fan duty=70%.csv','.csv',NULL,NULL,0,1),(130,0,126,'rp_126a0','14038 fan duty=80%.csv','.csv',NULL,NULL,0,1),(131,0,126,'rp_126a0','14038 fan duty=90%.csv','.csv',NULL,NULL,0,1),(132,0,127,'rp_127a0','Lewisburg_Flotherm_model_rev 1.pdml','.pdml',NULL,NULL,0,1),(133,0,128,'rp_128a0','LEWISBURG lbg-1g(7w).pdml','.pdml',NULL,NULL,0,1),(134,0,130,'rp_130a0','HPE 800W.pdml','.pdml',NULL,NULL,0,1),(135,0,131,'rp_131a0','800W PSU.pdml','.pdml',NULL,NULL,0,1),(136,0,132,'rp_132a0','825433_NMB_23000RPM_04028DA12SAWH1.pdf','.pdf',NULL,NULL,0,1),(137,0,132,'rp_132a0','PS-2132-1L compact _20170818.pdml','.pdml',NULL,NULL,0,1),(138,0,133,'rp_133a0','1600W PSU.pdml','.pdml',NULL,NULL,0,1),(139,0,133,'rp_133a0','825119_Nidec_W40S12BS2E5-57T04HF.pdf','.pdf',NULL,NULL,0,1),(140,0,133,'rp_133a0','PS-2162-6L compact _20170815.pdml','.pdml',NULL,NULL,0,1),(141,0,134,'rp_134a0','8A00U9_04028DA12TAKHE.pdf','.pdf',NULL,NULL,0,1),(142,0,134,'rp_134a0','PS-2202-3L compact _20171003.pdml','.pdml',NULL,NULL,0,1),(143,0,135,'rp_135a0','NMB_04056EA12TEKB1.pdf','.pdf',NULL,NULL,0,1),(144,0,135,'rp_135a0','PS-2302-3L_20171106_Compact.pdml','.pdml',NULL,NULL,0,1),(145,0,136,'rp_136a0','1U2P1N 128 M.3 SSD Server_1113.pdml','.pdml',NULL,NULL,0,1),(146,0,137,'rp_137a0','1U2P1N 20171215.pdml','.pdml',NULL,NULL,0,1),(147,0,138,'rp_138a0','1U2P1N 1216_A.pdml','.pdml',NULL,NULL,0,1),(148,0,140,'rp_140a0','alibabab-120hdd-6056-PSU-20171106.pdml','.pdml',NULL,NULL,0,1),(149,0,141,'rp_141a0','alibabab-120hdd-20171105.pdml','.pdml',NULL,NULL,0,1),(150,0,142,'rp_142a0','A80 pangu-new14038-20150717.pdml','.pdml',NULL,NULL,0,1),(151,0,143,'rp_143a0','JBOD 0607 fan OK.pdml','.pdml',NULL,NULL,0,1),(152,0,144,'rp_144a0','1U B888G4 0507.pdml','.pdml',NULL,NULL,0,1),(153,0,144,'rp_144a0','b888 HOST.pdml','.pdml',NULL,NULL,0,1),(154,0,144,'rp_144a0','b888 MLB.pdml','.pdml',NULL,NULL,0,1),(155,0,145,'rp_145a0','JBOD 8080 fan3 fail_0613.pdml','.pdml',NULL,NULL,0,1),(156,0,145,'rp_145a0','JBOD 8080 fan OK_0612.pdml','.pdml',NULL,NULL,0,1),(157,0,145,'rp_145a0','JBOD 8086 fan OK_0607.pdml','.pdml',NULL,NULL,0,1),(158,0,145,'rp_145a0','JBOD 8086 fan OK_0612.pdml','.pdml',NULL,NULL,0,1),(159,0,145,'rp_145a0','JBOD thermal simulation report 20180619.pptx','.pptx',NULL,NULL,0,1),(160,0,145,'rp_145a0','JBOF ALI 0523.pdml','.pdml',NULL,NULL,0,1),(161,0,145,'rp_145a0','JBOF thermal simulation report 20180528.pptx','.pptx',NULL,NULL,0,1),(162,0,146,'rp_146a0','TriRiver_0520_Study_2.pdml','.pdml',NULL,NULL,0,1),(163,0,147,'rp_147a0','K800G3 MOC card 35C @1500m.pdml','.pdml',NULL,NULL,0,1),(164,0,148,'rp_148a0','K800G3 N41-6T UV7P_D.pdml','.pdml',NULL,NULL,0,1),(165,0,149,'rp_149a0','K888G4_2017_12_13.pdml','.pdml',NULL,NULL,0,1),(166,0,153,'rp_153a0','Thunder_M.3x64_20170912_100%.pdml','.pdml',NULL,NULL,0,1),(167,0,154,'rp_154a0','10G NIC CARD.pdml','.pdml',NULL,NULL,0,1),(168,0,154,'rp_154a0','2NVME 25W.pdml','.pdml',NULL,NULL,0,1),(169,0,154,'rp_154a0','BMC 2W.pdml','.pdml',NULL,NULL,0,1),(170,0,154,'rp_154a0','BMC.pdml','.pdml',NULL,NULL,0,1),(171,0,154,'rp_154a0','CPU0-CVR 24W.pdml','.pdml',NULL,NULL,0,1),(172,0,154,'rp_154a0','CPU0 DVR 16.8W.pdml','.pdml',NULL,NULL,0,1),(173,0,154,'rp_154a0','CPUR.pdml','.pdml',NULL,NULL,0,1),(174,0,154,'rp_154a0','DIMM (R) 18W_10W.pdml','.pdml',NULL,NULL,0,1),(175,0,154,'rp_154a0','HDD_3.pdml','.pdml',NULL,NULL,0,1),(176,0,154,'rp_154a0','Lewisburg-PCH 26.5W.pdml','.pdml',NULL,NULL,0,1),(177,0,154,'rp_154a0','M.2 card 4.159W.pdml','.pdml',NULL,NULL,0,1),(178,0,154,'rp_154a0','NVDIA P40 GPU Card 262W.pdml','.pdml',NULL,NULL,0,1),(179,0,154,'rp_154a0','PCH.pdml','.pdml',NULL,NULL,0,1),(180,0,154,'rp_154a0','PSU 75W.pdml','.pdml',NULL,NULL,0,1),(181,0,154,'rp_154a0','Qlogic_25G OCP Card 13W.pdml','.pdml',NULL,NULL,0,1),(182,0,154,'rp_154a0','Shannon PCIe card 20W.pdml','.pdml',NULL,NULL,0,1),(183,0,154,'rp_154a0','SKL 240W CPU 0.pdml','.pdml',NULL,NULL,0,1),(184,0,154,'rp_154a0','TB8000G4_GPU_Config.pdml','.pdml',NULL,NULL,0,1),(185,0,155,'rp_155a0','TB8000G4_2U_STD_0818_5.pdml','.pdml',NULL,NULL,0,1),(186,0,156,'rp_156a0','Thunder_18NVMe SSD_04.pdml','.pdml',NULL,NULL,0,1),(187,0,157,'rp_157a0','Thunder_100W_35C@1500m_0515.pdml','.pdml',NULL,NULL,0,1),(188,0,159,'rp_159a0','ASG2-45C@0 normal 17.1.20.pdml','.pdml',NULL,NULL,0,1),(189,0,160,'rp_160a0','AS60G1 1U2N F12 simulation result 1209.xlsx','.xlsx',NULL,NULL,0,1),(190,0,162,'rp_162a0','Baidu Purley Blader_1U8HDD.pdml','.pdml',NULL,NULL,0,1),(191,0,163,'rp_163a0','Baidu_1U 16 NVMe_0524_P4500.pdml','.pdml',NULL,NULL,0,1),(192,0,164,'rp_164a0','Baidu V2G4_Y02_1U8HDD.pdml','.pdml',NULL,NULL,0,1),(193,0,168,'rp_168a0','kunlun-s.pdml','.pdml',NULL,NULL,0,1),(194,0,169,'rp_169a0','Tesla-X 1U1N_Final_0706.pdml','.pdml',NULL,NULL,0,1),(195,0,170,'rp_170a0','Tesla-X 2U24NVM_0506.pdml','.pdml',NULL,NULL,0,1),(196,0,172,'rp_172a0','1U B888G4 0503.pdml','.pdml',NULL,NULL,0,1),(197,0,173,'rp_173a0','Edge Station_20181222_4.pdml','.pdml',NULL,NULL,0,1),(198,0,174,'rp_174a0','Seaking.pdml','.pdml',NULL,NULL,0,1),(199,0,176,'rp_176a0','Low Profile PCI_Card_1_1.pdml','.pdml',NULL,NULL,0,1),(200,0,176,'rp_176a0','Meituan_balder_12fix.pdml','.pdml',NULL,NULL,0,1),(201,0,177,'rp_177a0','Arbok_B Hitmonchan.pdml','.pdml',NULL,NULL,0,1),(202,0,177,'rp_177a0','Hitmonchan1.pdml','.pdml',NULL,NULL,0,1),(203,0,177,'rp_177a0','Hitmonchan simulation result-X01-20180917.pdf','.pdf',NULL,NULL,0,1),(204,0,177,'rp_177a0','Hitomnchan-HS.pdml','.pdml',NULL,NULL,0,1),(205,0,177,'rp_177a0','Hitomnchan.pdml','.pdml',NULL,NULL,0,1),(206,0,178,'rp_178a0','Introduction Ironman.ppt','.ppt',NULL,NULL,0,1),(207,0,178,'rp_178a0','tencent 35C@0m fan fail 12nodes new.pdml','.pdml',NULL,NULL,0,1),(208,0,180,'rp_180a0','2U24-20171130.pptx','.pptx',NULL,NULL,0,1),(209,0,180,'rp_180a0','2U24HDD QQ_1225-new fan position.pdml','.pdml',NULL,NULL,0,1),(210,0,181,'rp_181a0','2U24HDD 2P_0108.pdml','.pdml',NULL,NULL,0,1),(211,0,181,'rp_181a0','2U24HDD 2P_0110.pdml','.pdml',NULL,NULL,0,1),(212,0,181,'rp_181a0','2U24HDD 2P Simulation Result.pptx','.pptx',NULL,NULL,0,1),(213,0,181,'rp_181a0','2U24HDD QQ_1p_0131.pdml','.pdml',NULL,NULL,0,1),(214,0,182,'rp_182a0','WIGGLYTU0316-all.pdml','.pdml',NULL,NULL,0,1),(215,0,183,'rp_183a0','1U purley skylake T_heatsink.pdml','.pdml',NULL,NULL,0,1),(216,0,184,'rp_184a0','1U shape T ICX CPU HS-Gen10_5.pdml','.pdml',NULL,NULL,0,1),(217,0,186,'rp_186a0','Balder Front HS in lab test report_180102.xls','.xls',NULL,NULL,0,1),(218,0,186,'rp_186a0','Balder Rear HS in lab test report_180102.xls','.xls',NULL,NULL,0,1),(219,0,186,'rp_186a0','FXN CPU HS verification.xlsx','.xlsx',NULL,NULL,0,1),(220,0,188,'rp_188a0','1U T type HS.pdml','.pdml',NULL,NULL,0,1),(221,0,188,'rp_188a0','TB600G4 approval sheet_181114.pdf','.pdf',NULL,NULL,0,1),(222,0,189,'rp_189a0','1U liquid cooling model.pdml','.pdml',NULL,NULL,0,1),(223,0,190,'rp_190a0','K800G3 2U H_S.pdml','.pdml',NULL,NULL,0,1),(224,0,191,'rp_191a0','Cold-plate.pdml','.pdml',NULL,NULL,0,1),(225,0,193,'rp_193a0','1U thermalsyphon HS for Balder2.0.pdml','.pdml',NULL,NULL,0,1),(226,0,197,'rp_197a0','2308_HBA_CARD_23080904_1443.pdf','.pdf',NULL,NULL,0,1),(227,0,197,'rp_197a0','S11140_v0.1_LSISAS2208_DC_advanced.pdf','.pdf',NULL,NULL,0,1),(228,0,197,'rp_197a0','Tbolt_ROMB_Mem_Down_47322-01RevH.pdf','.pdf',NULL,NULL,0,1),(229,0,199,'rp_199a1','1U HS with Emma Lake TTV.tzr','.tzr',NULL,NULL,0,1),(230,0,199,'rp_199a1','2U HS HP with Emma Lake TTV.tzr','.tzr',NULL,NULL,0,1),(231,0,199,'rp_199a1','Emma_Lake_TTVpkgThermalModel_R1p0.equipment','.equipment',NULL,NULL,0,1),(232,0,201,'rp_201a0','00_1395a2714801_10gbase-t-card.pdf','.pdf',NULL,NULL,0,1),(233,0,201,'rp_201a0','1395a2714801_10gbase-t-card_X00_20140911.pdf','.pdf',NULL,NULL,0,1),(234,0,202,'rp_202a0','25G CAVIUM NIC.pdml','.pdml',NULL,NULL,0,1),(235,0,203,'rp_203a0','CN23XX-210SVPN LiquidIO_HRM_R13_20161207.pdf','.pdf',NULL,NULL,0,1),(236,0,203,'rp_203a0','CN23xx thermal test report.pdf','.pdf',NULL,NULL,0,1),(237,0,204,'rp_204a0','82599_datasheet.pdf','.pdf',NULL,NULL,0,1),(238,0,55,'rp_55a0','Tesla-P4 GPU 75W.pdml','.pdml',NULL,NULL,0,1),(239,0,58,'rp_58a0','AMD Socket SP3 Processor Thermal Power.xlsx','.xlsx',NULL,NULL,0,1),(240,0,58,'rp_58a0','SP3-Processor-Package-Model.library','.library',NULL,NULL,0,1),(241,0,59,'rp_59a0','ICX TMTV_R1_WW08.pdml','.pdml',NULL,NULL,0,1),(242,0,61,'rp_61a0','10W_AEP_DCPMM.pdml','.pdml',NULL,NULL,0,1),(243,0,61,'rp_61a0','574386-dcpmm-tmdg-r1pt5.pdf','.pdf',NULL,NULL,0,1),(244,0,62,'rp_62a0','12W_AEP_DCPMM.pdml','.pdml',NULL,NULL,0,1),(245,0,62,'rp_62a0','574386-dcpmm-tmdg-r1pt5.pdf','.pdf',NULL,NULL,0,1),(246,0,63,'rp_63a0','15W_AEP_DCPMM.pdml','.pdml',NULL,NULL,0,1),(247,0,63,'rp_63a0','574386-dcpmm-tmdg-r1pt5.pdf','.pdf',NULL,NULL,0,1),(248,0,64,'rp_64a0','18W_AEP_DCPMM.pdml','.pdml',NULL,NULL,0,1),(249,0,64,'rp_64a0','574386-dcpmm-tmdg-r1pt5.pdf','.pdf',NULL,NULL,0,1),(250,0,65,'rp_65a0','_14w_LRDIMM_1.pdml','.pdml',NULL,NULL,0,1),(251,0,67,'rp_67a0','32G DDR4.pdml','.pdml',NULL,NULL,0,1),(252,0,68,'rp_68a0','#22110sata(3.65W).pdml','.pdml',NULL,NULL,0,1),(253,0,69,'rp_69a0','1U_SHORT-CustomerModel-Rev0.5.pdml','.pdml',NULL,NULL,0,1),(254,0,69,'rp_69a0','EDSFF-Short-CDR_CustomerModel-Rev0.1.STEP','.STEP',NULL,NULL,0,1),(255,0,70,'rp_70a0','4T M.3 group.pdml','.pdml',NULL,NULL,0,1),(256,0,71,'rp_71a0','S3510.pdml','.pdml',NULL,NULL,0,1),(257,0,73,'rp_73a0','DC_P3700_2.5_A.pdml','.pdml',NULL,NULL,0,1),(258,0,73,'rp_73a0','Intel NVMe P3700 3600 2.5SFF SPEC.xlsx','.xlsx',NULL,NULL,0,1),(259,0,73,'rp_73a0','Intel NVMe P3700&3600 information.xlsx','.xlsx',NULL,NULL,0,1),(260,0,73,'rp_73a0','intel P3700.pdf','.pdf',NULL,NULL,0,1),(261,0,73,'rp_73a0','ssd-dc-p3600-spec.pdf','.pdf',NULL,NULL,0,1),(262,0,74,'rp_74a0','12 U.2 SSD Module.pdml','.pdml',NULL,NULL,0,1),(263,0,74,'rp_74a0','4 U.2 SSD Module.pdml','.pdml',NULL,NULL,0,1),(264,0,74,'rp_74a0','TB800G4 2.5\'NVME.pdml','.pdml',NULL,NULL,0,1),(265,0,75,'rp_75a0','P4510 Series Sighting Report.pdf','.pdf',NULL,NULL,0,1),(266,0,75,'rp_75a0','P4510 Spec.pdf','.pdf',NULL,NULL,0,1),(267,0,75,'rp_75a0','PCN115738-00.pdf','.pdf',NULL,NULL,0,1),(268,0,76,'rp_76a0','ssd-dc-p4600-brief.pdf','.pdf',NULL,NULL,0,1),(269,0,77,'rp_77a0','dc-p4610-series-brief.pdf','.pdf',NULL,NULL,0,1),(270,0,78,'rp_78a0','Intel Optane DC P4800 Thermal Guide.pdf','.pdf',NULL,NULL,0,1),(271,0,78,'rp_78a0','P4800 Performance Evaluation Guide.pdf','.pdf',NULL,NULL,0,1),(272,0,78,'rp_78a0','P4800X 375GB AIC Spec.pdf','.pdf',NULL,NULL,0,1),(273,0,79,'rp_79a0','PM983_2.5_DesignReview_June2018_Rev01.pdf','.pdf',NULL,NULL,0,1),(274,0,79,'rp_79a0','PM983 NVMe 2 5 Datasheet_for General_v1 0.pdf','.pdf',NULL,NULL,0,1),(275,0,80,'rp_80a0','ssd-dc-s3500-1-2tb-1-6tb-spec.pdf','.pdf',NULL,NULL,0,1),(276,0,80,'rp_80a0','ssd-dc-s3500-spec.pdf','.pdf',NULL,NULL,0,1),(277,0,81,'rp_81a0','fernando-1d-20170829-final_asm.stp','.stp',NULL,NULL,0,1),(278,0,81,'rp_81a0','SHANNON U.2.pdml','.pdml',NULL,NULL,0,1),(279,0,82,'rp_82a0','DC-P3700_AIC_cust_model_001.pdml','.pdml',NULL,NULL,0,1),(280,0,83,'rp_83a0','Shannon PCIE flash card.pdml','.pdml',NULL,NULL,0,1),(281,0,84,'rp_84a0','SFF Awe (sff sas25w).pdml','.pdml',NULL,NULL,0,1),(282,0,85,'rp_85a0','3.5inch 9.35W HDD.pdml','.pdml',NULL,NULL,0,1),(283,0,86,'rp_86a0','_18.5W LFF.pdml','.pdml',NULL,NULL,0,1),(284,0,87,'rp_87a0','TB600G4 3.5\'HDD.pdml','.pdml',NULL,NULL,0,1),(285,0,88,'rp_88a0','amd mi8 gpu.pdf','.pdf',NULL,NULL,0,1),(286,0,90,'rp_90a0','GPU K1200.pdml','.pdml',NULL,NULL,0,1),(287,0,91,'rp_91a0','GPU P100.pdml','.pdml',NULL,NULL,0,1),(288,0,92,'rp_92a0','BD-06580-001_v02.pdf','.pdf',NULL,NULL,0,1),(289,0,92,'rp_92a0','BD-07093-001_v01.pdf','.pdf',NULL,NULL,0,1),(290,0,92,'rp_92a0','GRID_K2_Environmental_Compliance_Report.pdf','.pdf',NULL,NULL,0,1),(291,0,92,'rp_92a0','K2.PNG','.PNG',NULL,NULL,0,1),(292,0,93,'rp_93a0','2017-02-07_GV100_POD_Lidless.pdf','.pdf',NULL,NULL,0,1),(293,0,94,'rp_94a0','2018-07-11 HGX-2 Example Baffle Design.pdf','.pdf',NULL,NULL,0,1),(294,0,94,'rp_94a0','2018-08-31_SXM3_Heatsink_Thermal_Perf.pdf','.pdf',NULL,NULL,0,1),(295,0,94,'rp_94a0','2018-6-27-hgx2_cfdmodel_v02.pdml','.pdml',NULL,NULL,0,1),(296,0,95,'rp_95a0','Long_offset_extender.pdf','.pdf',NULL,NULL,0,1),(297,0,95,'rp_95a0','NVDIA K80 DG-07296-001_v05-1000335-02.pdf','.pdf',NULL,NULL,0,1),(298,0,95,'rp_95a0','NVIDIA Tesla K80 Passive 3D Model.stp','.stp',NULL,NULL,0,1),(299,0,95,'rp_95a0','Straight_extender.pdf','.pdf',NULL,NULL,0,1),(300,0,96,'rp_96a0','NVDIA M40 BD-07923-001_v02-1003113-02 (1).pdf','.pdf',NULL,NULL,0,1),(301,0,96,'rp_96a0','Straight Extender 3D Model.pdf','.pdf',NULL,NULL,0,1),(302,0,96,'rp_96a0','Tesla M40 24GB Passive 3D Model.nvzip','.nvzip',NULL,NULL,0,1),(303,0,97,'rp_97a0','Long Offset Extender 3D Model.nvzip','.nvzip',NULL,NULL,0,1),(304,0,97,'rp_97a0','NVDIA P40 SP-08221-001_v05.pdf','.pdf',NULL,NULL,0,1),(305,0,97,'rp_97a0','Straight Extender 3D Model.nvzip','.nvzip',NULL,NULL,0,1),(306,0,97,'rp_97a0','Tesla FHFL P40 GPU Card.pdml','.pdml',NULL,NULL,0,1),(307,0,97,'rp_97a0','Tesla P40 3D Model.stp','.stp',NULL,NULL,0,1),(308,0,98,'rp_98a0','NVDIA P100 SXM2 GPU SP-07525-001_v14.pdf','.pdf',NULL,NULL,0,1),(309,0,98,'rp_98a0','PH403_Thermal_Map_06.20.2016.xlsx','.xlsx',NULL,NULL,0,1),(310,0,98,'rp_98a0','SXM2_module_20160616.stp','.stp',NULL,NULL,0,1),(311,0,99,'rp_99a0','(K10 Board Spec) BD-06280-001_v07.pdf','.pdf',NULL,NULL,0,1);
/*!40000 ALTER TABLE `d_res_path` ENABLE KEYS */;
UNLOCK TABLES;

--
-- Table structure for table `d_resource`
--

DROP TABLE IF EXISTS `d_resource`;
/*!40101 SET @saved_cs_client     = @@character_set_client */;
/*!40101 SET character_set_client = utf8 */;
CREATE TABLE `d_resource` (
  `mod_id` int(11) NOT NULL,
  `path` varchar(255) NOT NULL,
  `creat_time` timestamp NOT NULL DEFAULT CURRENT_TIMESTAMP ON UPDATE CURRENT_TIMESTAMP,
  `file_name` varchar(45) DEFAULT NULL,
  `file_code` varchar(45) DEFAULT NULL
) ENGINE=InnoDB DEFAULT CHARSET=utf8;
/*!40101 SET character_set_client = @saved_cs_client */;

--
-- Dumping data for table `d_resource`
--

LOCK TABLES `d_resource` WRITE;
/*!40000 ALTER TABLE `d_resource` DISABLE KEYS */;
INSERT INTO `d_resource` VALUES (65,'颜色提取工具.zip','2019-09-20 01:18:41',NULL,NULL),(66,'颜色提取工具.zip','2019-09-20 01:20:11',NULL,NULL),(67,'颜色提取工具.zip','2019-09-20 01:21:06',NULL,NULL),(68,'bootstrap-3.3.7-dist.zip','2019-09-20 02:27:30',NULL,NULL),(69,'bootstrap-4.0.0-dist.zip','2019-09-20 02:28:32',NULL,NULL),(70,'bootstrap-4.0.0-dist.zip','2019-09-20 02:49:46',NULL,NULL),(71,'bootstrap-3.3.7-dist.zip','2019-09-23 14:01:00',NULL,NULL),(72,'190923141340.sql','2019-09-23 14:04:14',NULL,NULL),(73,'190923141340.sql','2019-09-25 14:31:43',NULL,NULL),(74,'190923141340.sql','2019-09-25 14:34:12',NULL,NULL),(2,'cpu.zip','2019-10-29 03:03:28',NULL,NULL),(84,'cpu.zip','2019-10-23 07:47:03',NULL,NULL),(85,'cpu.zip','2019-10-23 07:48:22',NULL,NULL),(86,'cpu.zip','2019-10-23 07:49:31',NULL,NULL),(87,'server.jpg','2019-10-24 09:44:34',NULL,NULL),(88,'cpu.zip','2019-10-29 01:37:54',NULL,NULL),(100002,'server.jpg','2019-11-04 07:06:23',NULL,NULL),(100003,'cpu.zip','2019-11-04 07:14:34',NULL,NULL);
/*!40000 ALTER TABLE `d_resource` ENABLE KEYS */;
UNLOCK TABLES;

--
-- Table structure for table `d_users`
--

DROP TABLE IF EXISTS `d_users`;
/*!40101 SET @saved_cs_client     = @@character_set_client */;
/*!40101 SET character_set_client = utf8 */;
CREATE TABLE `d_users` (
  `user_id` int(11) NOT NULL AUTO_INCREMENT,
  `user_name` varchar(45) DEFAULT NULL,
  `password` varchar(45) DEFAULT NULL,
  `owner_name` varchar(45) DEFAULT NULL,
  `email` varchar(45) DEFAULT NULL,
  `mobile` varchar(45) DEFAULT NULL,
  PRIMARY KEY (`user_id`)
) ENGINE=InnoDB AUTO_INCREMENT=46 DEFAULT CHARSET=utf8;
/*!40101 SET character_set_client = @saved_cs_client */;

--
-- Dumping data for table `d_users`
--

LOCK TABLES `d_users` WRITE;
/*!40000 ALTER TABLE `d_users` DISABLE KEYS */;
INSERT INTO `d_users` VALUES (25,'IES172576','123','段航宇',NULL,NULL),(26,'IES109219','123','紀麗萍',NULL,NULL),(27,'IES192299','123','季懿棟',NULL,NULL),(28,'IES192353','123','林海翔',NULL,NULL),(29,'IES165139','123','錢悅','',''),(30,'IES185128','123','邱剛',NULL,NULL),(32,'IES08g761','123','佘麗芳',NULL,NULL),(33,'IES180828','123','唐帆',NULL,NULL),(34,'IES165134','123','王雙平',NULL,NULL),(35,'IES184938','123','韋曉剛',NULL,NULL),(36,'IES184942','123','吳群',NULL,NULL),(37,'IES082114','123','項品義',NULL,NULL),(38,'IES184808','123','謝敏倩',NULL,NULL),(39,'IES163855','123','薛冬銳',NULL,NULL),(40,'IES15C401','123','張連飛',NULL,NULL),(41,'IES118689','123','張銀瀟',NULL,NULL),(42,'IES173150','123','趙晶南',NULL,NULL),(43,'IES191169','123','周磊',NULL,NULL),(44,'IES15E957','123','朱帥鋒',NULL,NULL),(45,'IES183645','123','Li.Rekkles 李源 IES',NULL,NULL);
/*!40000 ALTER TABLE `d_users` ENABLE KEYS */;
UNLOCK TABLES;

--
-- Table structure for table `m_clientele`
--

DROP TABLE IF EXISTS `m_clientele`;
/*!40101 SET @saved_cs_client     = @@character_set_client */;
/*!40101 SET character_set_client = utf8 */;
CREATE TABLE `m_clientele` (
  `id` int(11) NOT NULL,
  `name` varchar(45) DEFAULT NULL,
  `name_hans` varchar(45) DEFAULT NULL,
  PRIMARY KEY (`id`)
) ENGINE=InnoDB DEFAULT CHARSET=utf8 COMMENT='客户表';
/*!40101 SET character_set_client = @saved_cs_client */;

--
-- Dumping data for table `m_clientele`
--

LOCK TABLES `m_clientele` WRITE;
/*!40000 ALTER TABLE `m_clientele` DISABLE KEYS */;
/*!40000 ALTER TABLE `m_clientele` ENABLE KEYS */;
UNLOCK TABLES;

--
-- Table structure for table `m_cpu_code`
--

DROP TABLE IF EXISTS `m_cpu_code`;
/*!40101 SET @saved_cs_client     = @@character_set_client */;
/*!40101 SET character_set_client = utf8 */;
CREATE TABLE `m_cpu_code` (
  `id` int(11) NOT NULL,
  `code` varchar(45) DEFAULT NULL,
  `remark` varchar(45) DEFAULT NULL,
  PRIMARY KEY (`id`)
) ENGINE=InnoDB DEFAULT CHARSET=utf8;
/*!40101 SET character_set_client = @saved_cs_client */;

--
-- Dumping data for table `m_cpu_code`
--

LOCK TABLES `m_cpu_code` WRITE;
/*!40000 ALTER TABLE `m_cpu_code` DISABLE KEYS */;
INSERT INTO `m_cpu_code` VALUES (1,'SkyLake',''),(2,'CascadeLake',NULL),(3,'IceLake',NULL),(4,'CopperLake',NULL),(5,'Rome',NULL),(6,'Milan',NULL),(7,'Other',NULL);
/*!40000 ALTER TABLE `m_cpu_code` ENABLE KEYS */;
UNLOCK TABLES;

--
-- Table structure for table `m_cpu_platform`
--

DROP TABLE IF EXISTS `m_cpu_platform`;
/*!40101 SET @saved_cs_client     = @@character_set_client */;
/*!40101 SET character_set_client = utf8 */;
CREATE TABLE `m_cpu_platform` (
  `id` int(11) NOT NULL,
  `platform` varchar(45) DEFAULT NULL,
  `remark` varchar(45) DEFAULT NULL,
  PRIMARY KEY (`id`)
) ENGINE=InnoDB DEFAULT CHARSET=utf8;
/*!40101 SET character_set_client = @saved_cs_client */;

--
-- Dumping data for table `m_cpu_platform`
--

LOCK TABLES `m_cpu_platform` WRITE;
/*!40000 ALTER TABLE `m_cpu_platform` DISABLE KEYS */;
INSERT INTO `m_cpu_platform` VALUES (1,'Purley',''),(2,'Whitley',''),(3,'EagleStream',NULL),(4,'AMD',''),(5,'ARM',NULL),(6,'Other',NULL);
/*!40000 ALTER TABLE `m_cpu_platform` ENABLE KEYS */;
UNLOCK TABLES;

--
-- Table structure for table `m_source`
--

DROP TABLE IF EXISTS `m_source`;
/*!40101 SET @saved_cs_client     = @@character_set_client */;
/*!40101 SET character_set_client = utf8 */;
CREATE TABLE `m_source` (
  `source` char(2) NOT NULL,
  `source_name` varchar(45) NOT NULL,
  `color` varchar(255) DEFAULT NULL,
  PRIMARY KEY (`source`)
) ENGINE=InnoDB DEFAULT CHARSET=utf8;
/*!40101 SET character_set_client = @saved_cs_client */;

--
-- Dumping data for table `m_source`
--

LOCK TABLES `m_source` WRITE;
/*!40000 ALTER TABLE `m_source` DISABLE KEYS */;
INSERT INTO `m_source` VALUES ('a','官方网站下载','#99E3C4'),('b','用户创建','#DED1DB'),('c','未命名分支6','#D5CEE0'),('d','未命名分支7','#99BBE0'),('e','未命名分支8','#BAE99E'),('f','未命名分支1','#E8C387'),('g','未命名分支2','#7DD07D'),('h','未命名分支3','#8a6d3b'),('i','未命名分支4','#a94442'),('j','未命名分支5','#3697FF');
/*!40000 ALTER TABLE `m_source` ENABLE KEYS */;
UNLOCK TABLES;

--
-- Table structure for table `m_type`
--

DROP TABLE IF EXISTS `m_type`;
/*!40101 SET @saved_cs_client     = @@character_set_client */;
/*!40101 SET character_set_client = utf8 */;
CREATE TABLE `m_type` (
  `id` int(11) NOT NULL AUTO_INCREMENT,
  `type` varchar(45) DEFAULT NULL,
  PRIMARY KEY (`id`)
) ENGINE=InnoDB AUTO_INCREMENT=14 DEFAULT CHARSET=utf8;
/*!40101 SET character_set_client = @saved_cs_client */;

--
-- Dumping data for table `m_type`
--

LOCK TABLES `m_type` WRITE;
/*!40000 ALTER TABLE `m_type` DISABLE KEYS */;
INSERT INTO `m_type` VALUES (1,'CPU'),(2,'DIMM'),(3,'HDD'),(4,'GPU'),(5,'RAID'),(6,'MOC'),(7,'Ethernet Card'),(8,'FPGA'),(9,'CPU HEAT SINK'),(10,'FAN'),(11,'PCH'),(12,'PSU'),(13,'Project');
/*!40000 ALTER TABLE `m_type` ENABLE KEYS */;
UNLOCK TABLES;

--
-- Temporary table structure for view `new_view`
--

DROP TABLE IF EXISTS `new_view`;
/*!50001 DROP VIEW IF EXISTS `new_view`*/;
SET @saved_cs_client     = @@character_set_client;
SET character_set_client = utf8;
/*!50001 CREATE VIEW `new_view` AS SELECT 
 1 AS `id`,
 1 AS `path`*/;
SET character_set_client = @saved_cs_client;

--
-- Table structure for table `r_model_doc`
--

DROP TABLE IF EXISTS `r_model_doc`;
/*!40101 SET @saved_cs_client     = @@character_set_client */;
/*!40101 SET character_set_client = utf8 */;
CREATE TABLE `r_model_doc` (
  `model_id` int(11) NOT NULL,
  `doc_id` int(11) DEFAULT NULL,
  PRIMARY KEY (`model_id`)
) ENGINE=InnoDB DEFAULT CHARSET=utf8 COMMENT='模型文档关系表';
/*!40101 SET character_set_client = @saved_cs_client */;

--
-- Dumping data for table `r_model_doc`
--

LOCK TABLES `r_model_doc` WRITE;
/*!40000 ALTER TABLE `r_model_doc` DISABLE KEYS */;
/*!40000 ALTER TABLE `r_model_doc` ENABLE KEYS */;
UNLOCK TABLES;

--
-- Table structure for table `r_project_model`
--

DROP TABLE IF EXISTS `r_project_model`;
/*!40101 SET @saved_cs_client     = @@character_set_client */;
/*!40101 SET character_set_client = utf8 */;
CREATE TABLE `r_project_model` (
  `project_id` int(11) NOT NULL,
  `model_id` int(11) DEFAULT NULL,
  `create_date` datetime DEFAULT NULL,
  PRIMARY KEY (`project_id`)
) ENGINE=InnoDB DEFAULT CHARSET=utf8 COMMENT='项目模型关系表';
/*!40101 SET character_set_client = @saved_cs_client */;

--
-- Dumping data for table `r_project_model`
--

LOCK TABLES `r_project_model` WRITE;
/*!40000 ALTER TABLE `r_project_model` DISABLE KEYS */;
/*!40000 ALTER TABLE `r_project_model` ENABLE KEYS */;
UNLOCK TABLES;

--
-- Table structure for table `test`
--

DROP TABLE IF EXISTS `test`;
/*!40101 SET @saved_cs_client     = @@character_set_client */;
/*!40101 SET character_set_client = utf8 */;
CREATE TABLE `test` (
  `id` int(11) NOT NULL AUTO_INCREMENT,
  `name` varchar(255) DEFAULT NULL,
  `num` int(11) DEFAULT NULL,
  PRIMARY KEY (`id`)
) ENGINE=InnoDB AUTO_INCREMENT=3 DEFAULT CHARSET=utf8;
/*!40101 SET character_set_client = @saved_cs_client */;

--
-- Dumping data for table `test`
--

LOCK TABLES `test` WRITE;
/*!40000 ALTER TABLE `test` DISABLE KEYS */;
INSERT INTO `test` VALUES (1,'雷军',1),(2,'a',1);
/*!40000 ALTER TABLE `test` ENABLE KEYS */;
UNLOCK TABLES;

--
-- Temporary table structure for view `v_materials`
--

DROP TABLE IF EXISTS `v_materials`;
/*!50001 DROP VIEW IF EXISTS `v_materials`*/;
SET @saved_cs_client     = @@character_set_client;
SET character_set_client = utf8;
/*!50001 CREATE VIEW `v_materials` AS SELECT 
 1 AS `id`,
 1 AS `brand`,
 1 AS `platform`,
 1 AS `code`,
 1 AS `type`,
 1 AS `name`,
 1 AS `usr`,
 1 AS `tdp`,
 1 AS `createdate`,
 1 AS `spec`*/;
SET character_set_client = @saved_cs_client;

--
-- Temporary table structure for view `v_recyclebin`
--

DROP TABLE IF EXISTS `v_recyclebin`;
/*!50001 DROP VIEW IF EXISTS `v_recyclebin`*/;
SET @saved_cs_client     = @@character_set_client;
SET character_set_client = utf8;
/*!50001 CREATE VIEW `v_recyclebin` AS SELECT 
 1 AS `id`,
 1 AS `brand`,
 1 AS `plat`,
 1 AS `co`,
 1 AS `type`,
 1 AS `name`,
 1 AS `usr`,
 1 AS `tdp`,
 1 AS `createdate`,
 1 AS `spec`*/;
SET character_set_client = @saved_cs_client;

--
-- Final view structure for view `new_view`
--

/*!50001 DROP VIEW IF EXISTS `new_view`*/;
/*!50001 SET @saved_cs_client          = @@character_set_client */;
/*!50001 SET @saved_cs_results         = @@character_set_results */;
/*!50001 SET @saved_col_connection     = @@collation_connection */;
/*!50001 SET character_set_client      = utf8mb4 */;
/*!50001 SET character_set_results     = utf8mb4 */;
/*!50001 SET collation_connection      = utf8mb4_general_ci */;
/*!50001 CREATE ALGORITHM=UNDEFINED */
/*!50013 DEFINER=`root`@`localhost` SQL SECURITY DEFINER */
/*!50001 VIEW `new_view` AS (select `r`.`id` AS `id`,`r`.`path` AS `path` from (`d_model_resource` `r` join `d_res_path` `p` on((`r`.`path` = convert(`p`.`path` using utf8))))) */;
/*!50001 SET character_set_client      = @saved_cs_client */;
/*!50001 SET character_set_results     = @saved_cs_results */;
/*!50001 SET collation_connection      = @saved_col_connection */;

--
-- Final view structure for view `v_materials`
--

/*!50001 DROP VIEW IF EXISTS `v_materials`*/;
/*!50001 SET @saved_cs_client          = @@character_set_client */;
/*!50001 SET @saved_cs_results         = @@character_set_results */;
/*!50001 SET @saved_col_connection     = @@collation_connection */;
/*!50001 SET character_set_client      = utf8mb4 */;
/*!50001 SET character_set_results     = utf8mb4 */;
/*!50001 SET collation_connection      = utf8mb4_general_ci */;
/*!50001 CREATE ALGORITHM=UNDEFINED */
/*!50013 DEFINER=`root`@`localhost` SQL SECURITY DEFINER */
/*!50001 VIEW `v_materials` AS select `m`.`id` AS `id`,(case when isnull(`m`.`brand`) then '-' else `m`.`brand` end) AS `brand`,(case when isnull(`m`.`platform`) then '-' else `m`.`platform` end) AS `platform`,(case when isnull(`m`.`code`) then '-' else `m`.`code` end) AS `code`,`m`.`type` AS `type`,(case when isnull(`m`.`name`) then '-' else `m`.`name` end) AS `name`,(select `u`.`owner_name` from `d_users` `u` where (`u`.`user_id` = `m`.`creater`)) AS `usr`,(case when isnull(`m`.`tdp`) then '-' else `m`.`tdp` end) AS `tdp`,date_format(`m`.`create_date`,'%Y-%m-%d') AS `createdate`,(case when isnull(`m`.`spec`) then '-' else `m`.`spec` end) AS `spec` from (`d_materials` `m` join `d_users` `S`) where ((`m`.`creater` = `S`.`user_id`) and (`m`.`iswork` = '1')) order by `m`.`id` desc */;
/*!50001 SET character_set_client      = @saved_cs_client */;
/*!50001 SET character_set_results     = @saved_cs_results */;
/*!50001 SET collation_connection      = @saved_col_connection */;

--
-- Final view structure for view `v_recyclebin`
--

/*!50001 DROP VIEW IF EXISTS `v_recyclebin`*/;
/*!50001 SET @saved_cs_client          = @@character_set_client */;
/*!50001 SET @saved_cs_results         = @@character_set_results */;
/*!50001 SET @saved_col_connection     = @@collation_connection */;
/*!50001 SET character_set_client      = utf8mb4 */;
/*!50001 SET character_set_results     = utf8mb4 */;
/*!50001 SET collation_connection      = utf8mb4_general_ci */;
/*!50001 CREATE ALGORITHM=UNDEFINED */
/*!50013 DEFINER=`root`@`localhost` SQL SECURITY DEFINER */
/*!50001 VIEW `v_recyclebin` AS select `m`.`id` AS `id`,(case when isnull(`m`.`brand`) then '-' else `m`.`brand` end) AS `brand`,(case when isnull(`m`.`platform`) then '-' else `m`.`platform` end) AS `plat`,(case when isnull(`m`.`code`) then '-' else `m`.`code` end) AS `co`,`m`.`type` AS `type`,(case when isnull(`m`.`name`) then '-' else `m`.`name` end) AS `name`,(select `u`.`owner_name` from `d_users` `u` where (`u`.`user_id` = `m`.`creater`)) AS `usr`,(case when isnull(`m`.`tdp`) then '-' else `m`.`tdp` end) AS `tdp`,date_format(`m`.`create_date`,'%Y-%m-%d') AS `createdate`,(case when isnull(`m`.`spec`) then '-' else `m`.`spec` end) AS `spec` from (`d_materials` `m` join `d_users` `S`) where ((`m`.`creater` = `S`.`user_id`) and (`m`.`iswork` = '0')) order by `m`.`id` desc */;
/*!50001 SET character_set_client      = @saved_cs_client */;
/*!50001 SET character_set_results     = @saved_cs_results */;
/*!50001 SET collation_connection      = @saved_col_connection */;
/*!40103 SET TIME_ZONE=@OLD_TIME_ZONE */;

/*!40101 SET SQL_MODE=@OLD_SQL_MODE */;
/*!40014 SET FOREIGN_KEY_CHECKS=@OLD_FOREIGN_KEY_CHECKS */;
/*!40014 SET UNIQUE_CHECKS=@OLD_UNIQUE_CHECKS */;
/*!40101 SET CHARACTER_SET_CLIENT=@OLD_CHARACTER_SET_CLIENT */;
/*!40101 SET CHARACTER_SET_RESULTS=@OLD_CHARACTER_SET_RESULTS */;
/*!40101 SET COLLATION_CONNECTION=@OLD_COLLATION_CONNECTION */;
/*!40111 SET SQL_NOTES=@OLD_SQL_NOTES */;

-- Dump completed on 2020-07-17 13:39:25
